<?xml version="1.0" encoding="iso-8859-1"?>
<ram archivetype="raw" id="a.10-1880" metatype="web.poem" workcode="10-1880"><!-- proofed parsed revised 26 feb 02 jjm -->
<ramheader><filedesc><titlestmt><title>For the Holy Family by Michelangelo (in the National Gallery)</title>
<author>Dante Gabriel Rossetti</author>

<respstmt><resp>Editor:</resp><name>Jerome McGann</name><resp>Project Manager (2000-):</resp><name>William J. Hughes</name><resp>Design Editor (1997-):</resp><name>Bethany Paige Nowviskie</name><resp>Senior Research Assistant (1999-):</resp><name>Maura Tarnoff</name><resp>Senior Research Assistant (2000-):</resp><name>Craig Warren</name><resp>Research Assistant (2002-):</resp><name>Monica McTighe</name><resp>Research Assistant (2001-):</resp><name>Charles Sligh</name><resp>Research Assistant (2002-):</resp><name>Rivka Swenson</name><resp>Research Assistant (2002-):</resp><name>Melissa White</name><resp>Project Manager (1995-2000):</resp><name>Melissa Smith Kennedy</name><resp>Project Manager (1994-1997):</resp><name>Amy Sexton</name><resp>Research Assistant (2001-2002):</resp><name>Andrea Bobotis</name><resp>Research Assistant (1998):</resp><name>Eric T. Caldwell</name><resp>Research Assistant (1997):</resp><name>Michele Ierardi Ferrari</name><resp>Research Assistant (1998-1999):</resp><name>Amanda French</name><resp>Research Assistant (1996-1997):</resp><name>Stephen Holcombe</name><resp>Research Assistant (1994-1996):</resp><name>Daniel Reiss</name><resp>Research Assistant (1999-2002):</resp><name>Damian Rollison</name><resp>Research Assistant (1994-1995):</resp><name>Heather Seagroatt</name><resp>Research Assistant (1998-1999):</resp><name>Melanie S. Seibert</name><resp>Research Assistant (1996-1997):</resp><name>Andrew Stauffer</name><resp>Research Assistant (2000-2001):</resp><name>Christina Svendsen</name><resp>Systems Analyst (1993-1999):</resp><name>Oloduton Akinola</name><resp>Programmer/Analyst (1997-):</resp><name>Robbie Bingler</name><resp>Programmer/Analyst (2000-2002):</resp><name>Kirk Hastings</name><resp>Programmer/Analyst (1999-):</resp><name>Stephen Ramsay</name><resp>Programmer/Analyst (1998-1999):</resp><name>Susan Munson</name><resp>Senior Programmer/Analyst (1995-1997):</resp><name>Susan Gants</name><resp>Consultant (1999):</resp><name>David Cosca</name><resp>Consultant (1997-):</resp><name>Chris Jesse</name><resp>Consultant (1999-):</resp><name>Michelle Kraft</name><resp>Consultant (1998-):</resp><name>Daniel Pitti</name><resp>Consultant (1992-1994):</resp><name>John Price-Wilkin</name><resp>Consultant (1992-1996):</resp><name>Thornton Staples</name><resp>Consultant (1993-):</resp><name>John Unsworth</name></respstmt><patrons><sponsor>Institute for Advanced Technology in the Humanities, University of Virginia</sponsor><funder>Funded in part by an equipment grant from International Business Machines Corporation</funder><funder>Funded in part by research support grants from the University of Virginia</funder><funder>Funded in part by the University of Michigan Press</funder><funder>Funded in part by a grant from the J. Paul Getty Trust</funder></patrons></titlestmt>
<editionstmt><edition>1</edition></editionstmt>
<extent></extent><publicationstmt><p>Published by the Institute for Advanced Technology in the Humanities, University of Virginia</p></publicationstmt><seriesstmt><title>ARCHIVE OF THE COMPLETE WORKS OF DANTE GABRIEL ROSSETTI:</title><respstmt><resp>Editor:</resp><name>Jerome McGann</name><resp>Project Manager (2000-):</resp><name>William J. Hughes</name><resp>Design Editor (1997-):</resp><name>Bethany Paige Nowviskie</name><resp>Senior Research Assistant (1999-):</resp><name>Maura Tarnoff</name><resp>Senior Research Assistant (2000-):</resp><name>Craig Warren</name><resp>Research Assistant (2002-):</resp><name>Monica McTighe</name><resp>Research Assistant (2001-):</resp><name>Charles Sligh</name><resp>Research Assistant (2002-):</resp><name>Rivka Swenson</name><resp>Research Assistant (2002-):</resp><name>Melissa White</name><resp>Project Manager (1995-2000):</resp><name>Melissa Smith Kennedy</name><resp>Project Manager (1994-1997):</resp><name>Amy Sexton</name><resp>Research Assistant (2001-2002):</resp><name>Andrea Bobotis</name><resp>Research Assistant (1998):</resp><name>Eric T. Caldwell</name><resp>Research Assistant (1997):</resp><name>Michele Ierardi Ferrari</name><resp>Research Assistant (1998-1999):</resp><name>Amanda French</name><resp>Research Assistant (1996-1997):</resp><name>Stephen Holcombe</name><resp>Research Assistant (1994-1996):</resp><name>Daniel Reiss</name><resp>Research Assistant (1999-2002):</resp><name>Damian Rollison</name><resp>Research Assistant (1994-1995):</resp><name>Heather Seagroatt</name><resp>Research Assistant (1998-1999):</resp><name>Melanie S. Seibert</name><resp>Research Assistant (1996-1997):</resp><name>Andrew Stauffer</name><resp>Research Assistant (2000-2001):</resp><name>Christina Svendsen</name><resp>Systems Analyst (1993-1999):</resp><name>Oloduton Akinola</name><resp>Programmer/Analyst (1997-):</resp><name>Robbie Bingler</name><resp>Programmer/Analyst (2000-2002):</resp><name>Kirk Hastings</name><resp>Programmer/Analyst (1999-):</resp><name>Stephen Ramsay</name><resp>Programmer/Analyst (1998-1999):</resp><name>Susan Munson</name><resp>Senior Programmer/Analyst (1995-1997):</resp><name>Susan Gants</name><resp>Consultant (1999):</resp><name>David Cosca</name><resp>Consultant (1997-):</resp><name>Chris Jesse</name><resp>Consultant (1999-):</resp><name>Michelle Kraft</name><resp>Consultant (1998-):</resp><name>Daniel Pitti</name><resp>Consultant (1992-1994):</resp><name>John Price-Wilkin</name><resp>Consultant (1992-1996):</resp><name>Thornton Staples</name><resp>Consultant (1993-):</resp><name>John Unsworth</name></respstmt></seriesstmt>


<notesstmt></notesstmt></filedesc>
<encodingdesc></encodingdesc>
<profiledesc><date>1880</date>
<classification><scheme type=""><keyword></keyword>
<keyword></keyword></scheme></classification>
<subject></subject>
<form><rhyme>abbaaccadeefdf</rhyme>
<meter>iambic pentameter</meter>
<genre>sonnet</genre></form>
<addressee></addressee>
<model><name></name>
<note></note></model>
<repainting><date></date>
<desc></desc></repainting>
<source><listcitn><citnliterary><bibl></bibl>
<note></note></citnliterary>
<citntranslationoriginal><bibl></bibl>
<note></note></citntranslationoriginal>
<citnpictorial><title>Madonna and Child with Angels</title>
<artist>A Master of Manchester</artist>
<location>National Gallery</location>
<bibl></bibl>
<note></note></citnpictorial>
<citnmythic><name></name>
<culture></culture>
<bibl></bibl>
<note></note></citnmythic>
<citnhistorical><event></event>
<place></place>
<date></date>
<bibl></bibl>
<note></note></citnhistorical>
<citnautobiographical><name></name>
<place></place>
<date></date>
<bibl></bibl>
<note></note></citnautobiographical>
<citnscenic><place></place>
<date></date>
<bibl></bibl>
<note></note></citnscenic></listcitn></source>
<commentaries><head>Commentary</head>
<section type="intro"><head>Introduction</head>
<p>This is one of DGR's most difficult sonnets, partly because of the strange scene depicted in the octave, partly because of the nuanced syntax of the sestet.  It is a poem, clearly, about the withholding of a knowledge which we now&#x2014;knowing the history of Jesus' life&#x2014;appear to have.  But after reading this poem and reflecting on the picture it doubles, readers will necessarily be left in a state of doubt and uncertainty about what we thought we knew about these well-known things.</p>
<p>Much of the difficulty can be avoided if one bears in mind two things: first, that the word &#x201c;Still&#x201d; (line 9) primarily signifies that the events shortly to be described have not yet occurred so far as the event depicted in the octave is concerned; and second, that the four events cited in the sestet are being presented in temporal terms.  The words &#x201c;yet&#x201d; (line 11) and &#x201c;and yet&#x201d; (line 13) are not primarily logical adversatives but temporal markers.  The force of &#x201c;and yet&#x201d; is that this is the culminant of the four events, the event that would mark the definitive defeat of &#x201c;the serpent&#x201d;.</p>
<p>All that being granted, however, the sonnet remains formidable.  Several of its most disorienting features may be remarked.  The word  &#x201c;Still&#x201d; (line 9), for example, is being worked for a contemporary (nineteenth-century) reference&#x2014;a wordplay that is common in DGR.  In that temporal frame, all of the events depicted in the sonnet have yet to occur, most especially the death and hell-harrowing and the final defeat of evil by the &#x201c;The Seed o' the woman&#x201d;.  Notable as well is the association of the angels in the octave with those angels who fell from heaven because of an inordinate desire for knowledge.  Most puzzling, perhaps, is the sonnet's strange point of view, as the first line makes immediately clear.  At first the omniscient point of view  seems to signal an address of God the Father to His &#x201c;Son&#x201d;, but the rest of the poem&#x2014;particularly the sestet&#x2014;evidently proceeds from a human point of view.  Organized in that way, the knowledge that the speaker appears to have must be judged by the reader as &#x201c;Still&#x201d; incomplete and uncertain.  The poem then becomes a drama where we see that neither the withholding nor the gaining of knowledge can escape to a moment of redemptive fulfillment. 
<p>The sonnet springs from the first line's reference to the various allusions to and quotations from the Old Testament prophets, in particular Isaiah, in the gospels&#x2014;and especially in the Gospel of Matthew.  As the octave shows, these prophecies are used in the New Testament as forecasts of the suffering and death of Jesus.  Prophetic as they are, the foreknowing of these texts can make no difference in the outcome of the living events.  The painting, which is unfinished, is thus presented by the poem as a kind of commentary on all of the prevenient biblical texts.  In the picture the Virgin is withholding a book from the gaze of the Child Jesus, and behind the mother and child a group of angels are pouring over a prophetic scroll with puzzled looks.</p>
<p>As usual, DGR reads the painting for its contemporary significance.  Like 
the painter, DGR understands that a final redemption &#x201c;Still&#x201d; remains to be realized, and 
that it is somehow&#x2014;mysteriously&#x2014;bound up with &#x201c;the woman&#x201d; who is the center of the 
picture.  Unlike Eve, the Virgin here withholds the temptation of ultimate knowledge.  Note that DGR refers to &#x201c;Her Tree of Life&#x201d;, not &#x201c;The Tree of Life&#x201d;, which is the received reading out of the Book of Genesis.</p></section>
<section type="texthistcomp"><head>Textual History: Composition</head>
<p>DGR seems to have written the poem in 1880.  Only one manuscript survives, a <xref doc="a.greenbook.prinms.rad" from="10-1880" from="[5]">fair copy</xref> at Princeton.</p></section>
<section type="texthistrev"><head>Textual History: Revision</head>
<p></p></section>
<section type="prodhist"><head>Production History</head>
<p></p></section>
<section type="recepthist"><head>Reception</head>
<p></p></section>
<section type="icon"><head>Iconographic</head>
<p></p></section>
<section type="printhist"><head>Printing History</head>
<p>First printed in the <xref doc="a.ap4.a85.1881a.rad" workcode="10-1881" from="20"><hi rend="i"><title level="wrk">Athenaeum</title></hi></xref> (January 1881), then reprinted shortly afterwards  in the first edition of the 1881 <xref doc="a.2-1881.1stedn.rad" workcode="10-1880" from="311"><hi rend="i">Ballads and Sonnets</hi></xref> and collected thereafter. </p></section>
<section type="pictorial"><head>Pictorial</head>
<p>The <xref doc="a.op107.rap">painting</xref> is variously titled.  DGR's interest in the picture appears to be directly related to its unfinished state.  Once 
ascribed to Michelangelo, as DGR's title indicates, it is now known to be by someone else, but the 
artist has not been identified. He has been called &#x201c;A Master of 
Manchester&#x201d; because of the picture's association with Manchester. 
 The picture is in the National Gallery.</p></section>
<section type="historical"><head>Historical</head>
<p></p></section>
<section type="literary"><head>Literary</head>
<p>The idea that prophetic knowledge is dangerous, even destructive, runs through all of DGR's work.  See for example <xref doc="a.1-1865.s183.raw"></p><title level="wrk">&#x201c;Aspecta Medusa &#x201d;</title></xref> and <xref doc="a.27-1869.s127.raw"><title level="wrk">&#x201c;Cassandra&#x201d;</title></xref>.</p></section>
<section type="translation"><head>Translation</head>
<p></p></section>
<section type="autobio"><head>Autobiographical</head>
<p></p></section>
<section type="biblio"><head>Bibliographic</head>
<p></p></section></commentaries>
<linenotes><basis><xref doc="a.2-1881.1stedn.rad" workcode="10-1880" from="311"><hi rend="i"><title level="wrk">Ballads and Sonnets first edition text</title></hi></xref></basis>
<lines n="TITLE"><gloss>See DGR's <xref doc="a.2-1881.1stedn.rad" workcode="10-1880" from="311">prose note</xref> to the sonnet: &#x201c;In this picture the Virgin Mother is seen withholding from the Child Saviour the prophetic writings in which His sufferings are foretold.  Angelic figures beside them examine a scroll.&#x201d;</gloss>
<textual></textual></lines>
<lines n="9"><gloss> See Genesis 3: 24 and Milton, <hi rend="i"><title level="wrk">Paradise Lost</title></hi> Book XII</gloss>
<textual></textual></lines>
<lines n="10-12"><gloss>The Tree of Knowledge in Eden transforms to the tree of Calvary, the crucifix, on which Christ dies to undo the work of the &#x201c;Tempter.&#x201d;  This event brings about the harrowing of Hell, where Christ descends at his death to lead forth the souls of the just.</gloss>
<textual></textual></lines>
<lines n="14"><gloss>Baum cites <hi rend="i"><title level="wrk">Paradise Lost</title></hi> Book XII, 148-50, 161 but the proper source is Genesis 3:15.</gloss>
<textual></textual>
<comp><gloss></gloss>
<textual></textual></comp></lines></linenotes>
<paranotes><basis></basis>
<paras><gloss></gloss>
<textual></textual>
<comp><gloss></gloss>
<textual></textual></comp></paras></paranotes></profiledesc>
<revisiondesc></revisiondesc></ramheader>
<readingtext><xref doc="a.2-1881.1stedn.rad" workcode="10-1880" from="311"><hi rend="i"><title level="wrk">Ballads and Sonnets first edition text</title></hi></xref></readingtext>
<viewingimage></viewingimage></ram>
