<?xml version="1.0" encoding="UTF-8"?>
<juxta-imageset>
    <juxta-image id="Not a Damozel" color="red">
        <object>fogg.jpg</object>
        <focus>
            <x>314</x>
            <y>280</y>
            <width>402</width>
            <height>227</height>
        </focus>
    </juxta-image>
    <juxta-image id="Morgan MS, The Blessed Damozel st. 1" color="green">
        <object>1-1847.morgms.jpg</object>
        <focus>
            <x>9</x>
            <y>26</y>
            <width>311</width>
            <height>100</height>
        </focus>
    </juxta-image>
    <juxta-image id="Poems (1870), The Blessed Damozel st. 1" color="yellow">
        <object>1-1870.1stedn.008.jpg</object>
        <focus>
            <x>70</x>
            <y>217</y>
            <width>228</width>
            <height>120</height>
        </focus>
    </juxta-image>
    <juxta-image id="Oxford and Cambridge Mag.,The Blessed Damozel st. 1" color="purple">
        <object>ap4.o93.1.11.713a.jpg</object>
        <focus>
            <x>52</x>
            <y>104</y>
            <width>298</width>
            <height>96</height>
        </focus>
    </juxta-image>
 
 <juxta-image id="Page 10" color="cyan">
        <object>1-1870.1stedn.010.jpg</object>
        <focus>
            <x>314</x>
            <y>280</y>
            <width>402</width>
            <height>227</height>
        </focus>
    </juxta-image>
    <juxta-image id="Page 11" color="red">
        <object>1-1870.1stedn.011.jpg</object>
        <focus>
            <x>314</x>
            <y>280</y>
            <width>402</width>
            <height>227</height>
        </focus>
    </juxta-image>
    <juxta-image id="The Germ, The Blessed Damozel st. 1" color="green">
        <object>ap4.g415.1901.80.jpg</object>
        <focus>
            <x>52</x>
            <y>107</y>
            <width>250</width>
            <height>108</height>
        </focus>
    </juxta-image>
 
 <!-- image8 -->   
 
        <juxta-image id="Princeton Fragment of The Blessed Damozel" color="green">
        <object>1-1847.princefrag.1a.jpg</object>
        <focus>
            <x>7</x>
            <y>4</y>
            <width>355</width>
            <height>250</height>
        </focus>
        </juxta-image>
        
                <juxta-image id="Another Love MS1" color="green">
        <object>tinker10a.jpg</object>
        <focus>
            <x>7</x>
            <y>35</y>
            <width>475</width>
            <height>293</height>
        </focus>
                </juxta-image>
                
                        <juxta-image id="Placata Venere (Nuptial Sleep) 1870 MS" color="green">
        <object>fiz44-69.102v.jpg</object>
        <focus>
            <x>22</x>
            <y>91</y>
            <width>969</width>
            <height>358</height>
        </focus>
                        </juxta-image>
                        
                                <juxta-image id="Another Love MS2l" color="green">
        <object>23-1848.harvardms.1a.jpg</object>
        <focus>
            <x>88</x>
            <y>113</y>
            <width>583</width>
            <height>528</height>
        </focus>
                                </juxta-image>
                                
                                        <juxta-image id="Praise and Prayer (British Library MS)" color="green">
        <object>16-1848.blms.jpg</object>
        <focus>
            <x>25</x>
            <y>12</y>
            <width>727</width>
            <height>704</height>
        </focus>
                                        </juxta-image>
                                        
 
</juxta-imageset>
