<?xml version="1.0" encoding="iso-8859-1"?>
<ram archivetype="rad" type="book" id="a.1-1870.2ndedn.prin" image="" metatype="web.book" workcode="1-1870" version="2ndedn" subset="prin" dblwork="" rltdobject="" photodup="">
   <ramheader>
      <filedesc>
         <titlestmt>
            <title>Poems (1870): Second Edition, corrected by Rossetti (Princeton Library copy,
Taylor Collection)</title>

            <author>Dante Gabriel Rossetti</author>


            <respstmt>
               <resp>Editor:</resp>
               <name>Jerome McGann</name>
               <resp>Project Manager (2000-):</resp>
               <name>William J. Hughes</name>
               <resp>Design Editor (1997-):</resp>
               <name>Bethany Paige Nowviskie</name>
               <resp>Senior Research Assistant (1999-):</resp>
               <name>Maura Tarnoff</name>
               <resp>Senior Research Assistant (2000-):</resp>
               <name>Craig Warren</name>
               <resp>Research Assistant (2002-):</resp>
               <name>Monica McTighe</name>
               <resp>Research Assistant (2001-):</resp>
               <name>Charles Sligh</name>
               <resp>Research Assistant (2002-):</resp>
               <name>Rivka Swenson</name>
               <resp>Research Assistant (2002-):</resp>
               <name>Melissa White</name>
               <resp>Project Manager (1995-2000):</resp>
               <name>Melissa Smith Kennedy</name>
               <resp>Project Manager (1994-1997):</resp>
               <name>Amy Sexton</name>
               <resp>Research Assistant (2001-2002):</resp>
               <name>Andrea Bobotis</name>
               <resp>Research Assistant (1998):</resp>
               <name>Eric T. Caldwell</name>
               <resp>Research Assistant (1997):</resp>
               <name>Michele Ierardi Ferrari</name>
               <resp>Research Assistant (1998-1999):</resp>
               <name>Amanda French</name>
               <resp>Research Assistant (1996-1997):</resp>
               <name>Stephen Holcombe</name>
               <resp>Research Assistant (1994-1996):</resp>
               <name>Daniel Reiss</name>
               <resp>Research Assistant (1999-2002):</resp>
               <name>Damian Rollison</name>
               <resp>Research Assistant (1994-1995):</resp>
               <name>Heather Seagroatt</name>
               <resp>Research Assistant (1998-1999):</resp>
               <name>Melanie S. Seibert</name>
               <resp>Research Assistant (1996-1997):</resp>
               <name>Andrew Stauffer</name>
               <resp>Research Assistant (2000-2001):</resp>
               <name>Christina Svendsen</name>
               <resp>Systems Analyst (1993-1999):</resp>
               <name>Oloduton Akinola</name>
               <resp>Programmer/Analyst (1997-):</resp>
               <name>Robbie Bingler</name>
               <resp>Programmer/Analyst (2000-2002):</resp>
               <name>Kirk Hastings</name>
               <resp>Programmer/Analyst (1999-):</resp>
               <name>Stephen Ramsay</name>
               <resp>Programmer/Analyst (1998-1999):</resp>
               <name>Susan Munson</name>
               <resp>Senior Programmer/Analyst (1995-1997):</resp>
               <name>Susan Gants</name>
               <resp>Consultant (1999):</resp>
               <name>David Cosca</name>
               <resp>Consultant (1997-):</resp>
               <name>Chris Jesse</name>
               <resp>Consultant (1999-):</resp>
               <name>Michelle Kraft</name>
               <resp>Consultant (1998-):</resp>
               <name>Daniel Pitti</name>
               <resp>Consultant (1992-1994):</resp>
               <name>John Price-Wilkin</name>
               <resp>Consultant (1992-1996):</resp>
               <name>Thornton Staples</name>
               <resp>Consultant (1993-):</resp>
               <name>John Unsworth</name>
            </respstmt>
            <patrons>
               <sponsor>Institute for Advanced Technology in the Humanities, University of Virginia</sponsor>
               <funder>Funded in part by an equipment grant from International Business Machines Corporation</funder>
               <funder>Funded in part by research support grants from the University of Virginia</funder>
               <funder>Funded in part by the University of Michigan Press</funder>
               <funder>Funded in part by a grant from the J. Paul Getty Trust</funder>
            </patrons>
         </titlestmt>

         <editionstmt>
            <edition>1</edition>

            <copyright>Used with permission of Princeton University. From the Princeton University Library, Department of Rare Books and Special Collections. All rights reserved. 
Redistribution or republication in any medium requires express written consent from Princeton University Library. 
Permissions inquiries should be addressed to Associate University Librarian, Rare Books and Special Collections, Princeton University Library.</copyright>
         </editionstmt>

         <extent/>
         <publicationstmt>
            <p>Published by the Institute for Advanced Technology in the Humanities, University of Virginia</p>
         </publicationstmt>
         <seriesstmt>
            <title>ARCHIVE OF THE COMPLETE WORKS OF DANTE GABRIEL ROSSETTI:</title>
            <respstmt>
               <resp>Editor:</resp>
               <name>Jerome McGann</name>
               <resp>Project Manager (2000-):</resp>
               <name>William J. Hughes</name>
               <resp>Design Editor (1997-):</resp>
               <name>Bethany Paige Nowviskie</name>
               <resp>Senior Research Assistant (1999-):</resp>
               <name>Maura Tarnoff</name>
               <resp>Senior Research Assistant (2000-):</resp>
               <name>Craig Warren</name>
               <resp>Research Assistant (2002-):</resp>
               <name>Monica McTighe</name>
               <resp>Research Assistant (2001-):</resp>
               <name>Charles Sligh</name>
               <resp>Research Assistant (2002-):</resp>
               <name>Rivka Swenson</name>
               <resp>Research Assistant (2002-):</resp>
               <name>Melissa White</name>
               <resp>Project Manager (1995-2000):</resp>
               <name>Melissa Smith Kennedy</name>
               <resp>Project Manager (1994-1997):</resp>
               <name>Amy Sexton</name>
               <resp>Research Assistant (2001-2002):</resp>
               <name>Andrea Bobotis</name>
               <resp>Research Assistant (1998):</resp>
               <name>Eric T. Caldwell</name>
               <resp>Research Assistant (1997):</resp>
               <name>Michele Ierardi Ferrari</name>
               <resp>Research Assistant (1998-1999):</resp>
               <name>Amanda French</name>
               <resp>Research Assistant (1996-1997):</resp>
               <name>Stephen Holcombe</name>
               <resp>Research Assistant (1994-1996):</resp>
               <name>Daniel Reiss</name>
               <resp>Research Assistant (1999-2002):</resp>
               <name>Damian Rollison</name>
               <resp>Research Assistant (1994-1995):</resp>
               <name>Heather Seagroatt</name>
               <resp>Research Assistant (1998-1999):</resp>
               <name>Melanie S. Seibert</name>
               <resp>Research Assistant (1996-1997):</resp>
               <name>Andrew Stauffer</name>
               <resp>Research Assistant (2000-2001):</resp>
               <name>Christina Svendsen</name>
               <resp>Systems Analyst (1993-1999):</resp>
               <name>Oloduton Akinola</name>
               <resp>Programmer/Analyst (1997-):</resp>
               <name>Robbie Bingler</name>
               <resp>Programmer/Analyst (2000-2002):</resp>
               <name>Kirk Hastings</name>
               <resp>Programmer/Analyst (1999-):</resp>
               <name>Stephen Ramsay</name>
               <resp>Programmer/Analyst (1998-1999):</resp>
               <name>Susan Munson</name>
               <resp>Senior Programmer/Analyst (1995-1997):</resp>
               <name>Susan Gants</name>
               <resp>Consultant (1999):</resp>
               <name>David Cosca</name>
               <resp>Consultant (1997-):</resp>
               <name>Chris Jesse</name>
               <resp>Consultant (1999-):</resp>
               <name>Michelle Kraft</name>
               <resp>Consultant (1998-):</resp>
               <name>Daniel Pitti</name>
               <resp>Consultant (1992-1994):</resp>
               <name>John Price-Wilkin</name>
               <resp>Consultant (1992-1996):</resp>
               <name>Thornton Staples</name>
               <resp>Consultant (1993-):</resp>
               <name>John Unsworth</name>
            </respstmt>
         </seriesstmt>



         <notesstmt> This document contains only the pages that carry DGR's hand
corrections to the book. The full document is scheduled for electronic
markup and transcription at a later date.
 </notesstmt>

         <sourcedesc>
            <citnstruct>
               <title>Poems. Second Edition</title>

               <author>Dante Gabriel Rossetti</author>

               <imprint> 
                  <publisher>F. S. Ellis</publisher>
 
                  <printer>Strangeways and Walden</printer>
 
                  <city>London</city>
 
                  <date>1870</date>
 
                  <edition>2</edition>
 
                  <prepub/>
 
                  <pagination>[i]-[xii], [1]-282</pagination>
 
                  <volume/>
 
                  <issue>1</issue>
 
                  <authorization>DGR</authorization>
 
                  <collation/>
 
                  <note/>
 
               </imprint>

               <scribe/>

               <corrector>DGR</corrector>

               <provenance>
                  <location>Princeton University Library, Troxell Collection</location>

                  <recnum>(Ex)3913.3 1870.4</recnum>

                  <note/>
               </provenance>

               <physicaldesc>
                  <binding>
                     <cover>Original publisher's green cloth, gold stamped 
design</cover>

                     <endpapers>blue floral</endpapers>

                     <note>DGR had not been pleased with the lettering on the 
binding of the first edition. DGR to his publisher Ellis, 27 April 1870 
<cit>(see Doughty and Wahl, <bibl>
                              <xref doc="a.pr5246.a4.vol2.rad" from="856">
                                 <hi rend="i">Letters</hi>
                              </xref> 

                              <pages>II 856</pages>
                           </bibl>): &#8220;<quote>Do you think that the British Fool, with the 
heaven-sent help of this stupendous diagram, aided by a few
Michael-Angelesque &#8216;<quote>throes of Composition</quote>&#8217;
(in the style of Solomon Hart's great picture) will be able to conceive
an O as something other than a balloon, and of a T as being not necessarily
a gallows? Do you think he can be brought to observe the precise fitting
of the letters&#8212;for instance the mighty intellect by which the P is
made to fill the space pretty well? and the letters
curved a little into each other and the precise thicknesses of the
letters? In short, will he copy this, or has he a soul above
it?</quote>&#8221;</cit> In this second edition and thereafter the
lettering was altered according to DGR's wishes.</note>
                  </binding>

                  <typography>
                     <typeface>
                        <point>8 point; 5.5 point leading</point>

                        <font>roman</font>
                     </typeface>

                     <pagelines>
                        <number>24</number>

                        <length/>
                     </pagelines>

                     <columns/>

                     <margin type="top"/>

                     <margin type="bottom"/>

                     <margin type="right"/>

                     <margin type="left"/>

                     <note/>
                  </typography>

                  <paper/>

                  <watermark/>

                  <size>crown octavo, 18.5cm</size>

                  <note/>
               </physicaldesc>
            </citnstruct>
         </sourcedesc>
      </filedesc>

      <encodingdesc/>

      <profiledesc>
         <commentaries>
            <head>Commentary</head>

            <section type="intro">
               <head>Introduction</head>

               <p>DGR's hand corrections and changes to the text of the
second edition are recorded in this copy of the book. These were
corrections made for the printer, to be inserted into future editions.</p>

               <p>There is 
<xref doc="a.1-1870.2ndedn.rad">another copy</xref> of this edition in the Archive with the complete text.</p>
            </section>

            <section type="texthistcomp">
               <head>Textual History: Composition</head>

               <p/>
            </section>

            <section type="texthistrev">
               <head>Textual History: Revision</head>

               <p/>
            </section>

            <section type="prodhist">
               <head>Production History</head>

               <p/>
            </section>

            <section type="recepthist">
               <head>Reception History</head>

               <p/>
            </section>

            <section type="icon">
               <head>Iconographic</head>

               <p/>
            </section>

            <section type="printhist">
               <head>Printing History</head>

               <p>See the commentary for the <xref doc="a.1-1870.2ndedn.rad">other 
copy</xref> of this edition.</p>
            </section>

            <section type="pictorial">
               <head>Pictorial</head>

               <p/>
            </section>

            <section type="historical">
               <head>Historical</head>

               <p/>
            </section>

            <section type="literary">
               <head>Literary</head>

               <p/>
            </section>

            <section type="translation">
               <head>Translation</head>

               <p/>
            </section>

            <section type="autobio">
               <head>Autobiographical</head>

               <p/>
            </section>

            <section type="biblio">
               <head>Bibliographic</head>

               <p>See the general bibliography for the 1870 
<bibl>
                     <title level="doc">
                        <xref doc="a.1-1870.raw">
                           <hi rend="i">Poems</hi>
                        </xref>
                     </title>.</bibl>
               </p>
            </section>
         </commentaries>
      </profiledesc>

      <revisiondesc/>
   </ramheader>
   <text>
      <body>
         <div0 n="" type="">
            <div1 type="ballad" n="1" title="The Blessed Damozel" id="a.1-1847.i2" workcode="1-1847.s244" dblwork="1-1847.s244">
               <omit extent="pages 1-2" reason="text identical to 1-1870.2ndedn.rad"/>
               <page n="3" image="a.1-1870.prince2ed.3.tif" width="450" height="729"/>
               <lg n="7" type="sexain">
                  <l n="37">Heard hardly, some of her new friends</l>

                  <l n="38" indent="1"> Amid their loving games</l>

                  <l n="39">Sp<del>a</del><add>o</add>ke evermore among themselves</l>

                  <l n="40" indent="1"> Their virginal chaste names;</l>

                  <l n="41">And the souls mounting up to God</l>

                  <l n="42" indent="1"> Went by her like thin flames.</l>
               </lg>

               <lg n="8" type="sexain">
                   
                  <l n="43">And still she bowed herself and stooped</l>

                  <l n="44" indent="1"> Out of the circling charm;</l>

                  <l n="45">Until her bosom must have made</l>

                  <l n="46" indent="1"> The bar she leaned on warm,</l>

                  <l n="47">And the lilies lay as if asleep</l>

                  <l n="48" indent="1"> Along her bended arm.</l>
               </lg>

               <lg n="9" type="sexain">
                  <l n="49">From the fixed place of Heaven she saw</l>

                  <l n="50" indent="1"> Time like a pulse shake fierce</l>

                  <l n="51">Through all the worlds. Her gaze still strove</l>

                  <l n="52" indent="1"> Within the gulf to pierce</l>

                  <l n="53">Its path; and now she spoke as when</l>

                  <l n="54" indent="1"> The stars sang in their spheres.</l>
               </lg>

               <lg n="10" type="sexain">
                   
                  <l n="55">The sun was gone now; the curled moon</l>

                  <l n="56" indent="1"> Was like a little feather</l>

                  <l n="57">Fluttering far down the gulf; and now</l>

                  <l n="58" indent="1"> She spoke through the still weather.</l>

                  <epage/>
                  <omit extent="pages 4-6" reason="text identical to 1-1870.2ndedn.rad"/>
                  <page n="7" image="a.1-1870.prince2ed.7.tif" width="450" height="785"/>
                  <pageheader>
                     <note>The comma on page 7, line 142, immediately following
the word &#8220;<quote>barriers</quote>&#8221; is
type-damaged so that it appears to be a period.</note>
                  </pageheader>



                  <l n="125">And angels meeting us shall sing</l>

                  <l n="126" indent="1"> To their citherns and citoles.</l>
               </lg>

               <lg n="22" type="sexain">
                  <l n="127">&#8216;There will I ask of Christ the Lord</l>

                  <l n="128" indent="1"> Thus much for him and me:&#8212;</l>

                  <l n="129">Only to live as once on earth</l>

                  <l n="130" indent="1"> With Love,&#8212;only to be,</l>

                  <l n="131">As then awhile, for ever now</l>

                  <l n="132" indent="1"> Together, I and he.&#8217;</l>
               </lg>

               <lg n="23" type="sexain">
                   
                  <l n="133">She gazed and listened and then said,</l>

                  <l n="134" indent="1"> Less sad of speech than mild,&#8212;</l>

                  <l n="135">&#8216;All this is when he comes.&#8217; She ceased<add>.</add>
                  </l>

                  <l n="136" indent="1"> The light thrilled towards her, fill'd</l>

                  <l n="137">With angels in strong <del>level</del> <add>equal</add> flight.</l>

                  <l n="138" indent="1"> Her eyes prayed, and she smil'd.</l>
               </lg>

               <lg n="24" type="sexain">
                  <l n="139">(I saw her smile.) But soon their path</l>

                  <l n="140" indent="1"> Was vague in distant spheres:</l>

                  <l n="141">And then she cast her arms along</l>

                  <l n="142" indent="1"> The golden barriers,</l>

                  <l n="143">And laid her face between her hands,</l>

                  <l n="144" indent="1"> And wept. (I heard her tears.)</l>
               </lg>

               <epage/>
            </div1>
            <div1 n="" type=""/>
            <div1 n="" type=""/>
            <div1 n="" type=""/>
            <div1 n="" type=""/>
            <div1 n="" type=""/>
         </div0>
         <div0 n="" type="">
            <div1 n="" type="">
               <div2 n="" type=""/>
               <div2 n="" type=""/>
               <div2 n="" type=""/>
               <div2 n="" type="">
                  <div3 n="" type=""/>
               </div2>
               <div2 n="" type=""/>
            </div1>
         </div0>
         <div0 n="" type="">
            <div1 n="" type=""/>
            <div1 n="" type=""/>
         </div0>
      </body>
   </text>
</ram>
