<?xml version="1.0" encoding="iso-8859-1"?>
<ram archivetype="rad" type="ms.faircopy" id="a.1-1847.princefrag" image="" metatype="web.manuscript" workcode="1-1847.s244" version="princefrag" subset="" dblwork="1-1847.s244" rltdobject="" photodup="">
   <ramheader>
      <filedesc>
         <titlestmt>
            <title>The Blessed Damozel (1872 autograph MS fragment)</title>

            <author>Dante Gabriel Rossetti</author>


            <respstmt>
               <resp>Editor:</resp>
               <name>Jerome McGann</name>
               <resp>Project Manager (2000-):</resp>
               <name>William J. Hughes</name>
               <resp>Design Editor (1997-):</resp>
               <name>Bethany Paige Nowviskie</name>
               <resp>Senior Research Assistant (1999-):</resp>
               <name>Maura Tarnoff</name>
               <resp>Senior Research Assistant (2000-):</resp>
               <name>Craig Warren</name>
               <resp>Research Assistant (2002-):</resp>
               <name>Monica McTighe</name>
               <resp>Research Assistant (2001-):</resp>
               <name>Charles Sligh</name>
               <resp>Research Assistant (2002-):</resp>
               <name>Rivka Swenson</name>
               <resp>Research Assistant (2002-):</resp>
               <name>Melissa White</name>
               <resp>Project Manager (1995-2000):</resp>
               <name>Melissa Smith Kennedy</name>
               <resp>Project Manager (1994-1997):</resp>
               <name>Amy Sexton</name>
               <resp>Research Assistant (2001-2002):</resp>
               <name>Andrea Bobotis</name>
               <resp>Research Assistant (1998):</resp>
               <name>Eric T. Caldwell</name>
               <resp>Research Assistant (1997):</resp>
               <name>Michele Ierardi Ferrari</name>
               <resp>Research Assistant (1998-1999):</resp>
               <name>Amanda French</name>
               <resp>Research Assistant (1996-1997):</resp>
               <name>Stephen Holcombe</name>
               <resp>Research Assistant (1994-1996):</resp>
               <name>Daniel Reiss</name>
               <resp>Research Assistant (1999-2002):</resp>
               <name>Damian Rollison</name>
               <resp>Research Assistant (1994-1995):</resp>
               <name>Heather Seagroatt</name>
               <resp>Research Assistant (1998-1999):</resp>
               <name>Melanie S. Seibert</name>
               <resp>Research Assistant (1996-1997):</resp>
               <name>Andrew Stauffer</name>
               <resp>Research Assistant (2000-2001):</resp>
               <name>Christina Svendsen</name>
               <resp>Systems Analyst (1993-1999):</resp>
               <name>Oloduton Akinola</name>
               <resp>Programmer/Analyst (1997-):</resp>
               <name>Robbie Bingler</name>
               <resp>Programmer/Analyst (2000-2002):</resp>
               <name>Kirk Hastings</name>
               <resp>Programmer/Analyst (1999-):</resp>
               <name>Stephen Ramsay</name>
               <resp>Programmer/Analyst (1998-1999):</resp>
               <name>Susan Munson</name>
               <resp>Senior Programmer/Analyst (1995-1997):</resp>
               <name>Susan Gants</name>
               <resp>Consultant (1999):</resp>
               <name>David Cosca</name>
               <resp>Consultant (1997-):</resp>
               <name>Chris Jesse</name>
               <resp>Consultant (1999-):</resp>
               <name>Michelle Kraft</name>
               <resp>Consultant (1998-):</resp>
               <name>Daniel Pitti</name>
               <resp>Consultant (1992-1994):</resp>
               <name>John Price-Wilkin</name>
               <resp>Consultant (1992-1996):</resp>
               <name>Thornton Staples</name>
               <resp>Consultant (1993-):</resp>
               <name>John Unsworth</name>
            </respstmt>
            <patrons>
               <sponsor>Institute for Advanced Technology in the Humanities, University of Virginia</sponsor>
               <funder>Funded in part by an equipment grant from International Business Machines Corporation</funder>
               <funder>Funded in part by research support grants from the University of Virginia</funder>
               <funder>Funded in part by the University of Michigan Press</funder>
               <funder>Funded in part by a grant from the J. Paul Getty Trust</funder>
            </patrons>
         </titlestmt>

         <editionstmt>
            <edition>1</edition>

            <copyright>Used with permission of Princeton University. From the Princeton University Library, 
Department of Rare Books and Special Collections.
All rights reserved. Redistribution or republication in any medium requires 
express written consent from Princeton University Library. Permissions inquiries should be 
addressed to Associate University Librarian, Rare Books and Special 
Collections, Princeton University Library.</copyright>
         </editionstmt>

         <extent/>
         <publicationstmt>
            <p>Published by the Institute for Advanced Technology in the Humanities, University of Virginia</p>
         </publicationstmt>
         <seriesstmt>
            <title>ARCHIVE OF THE COMPLETE WORKS OF DANTE GABRIEL ROSSETTI:</title>
            <respstmt>
               <resp>Editor:</resp>
               <name>Jerome McGann</name>
               <resp>Project Manager (2000-):</resp>
               <name>William J. Hughes</name>
               <resp>Design Editor (1997-):</resp>
               <name>Bethany Paige Nowviskie</name>
               <resp>Senior Research Assistant (1999-):</resp>
               <name>Maura Tarnoff</name>
               <resp>Senior Research Assistant (2000-):</resp>
               <name>Craig Warren</name>
               <resp>Research Assistant (2002-):</resp>
               <name>Monica McTighe</name>
               <resp>Research Assistant (2001-):</resp>
               <name>Charles Sligh</name>
               <resp>Research Assistant (2002-):</resp>
               <name>Rivka Swenson</name>
               <resp>Research Assistant (2002-):</resp>
               <name>Melissa White</name>
               <resp>Project Manager (1995-2000):</resp>
               <name>Melissa Smith Kennedy</name>
               <resp>Project Manager (1994-1997):</resp>
               <name>Amy Sexton</name>
               <resp>Research Assistant (2001-2002):</resp>
               <name>Andrea Bobotis</name>
               <resp>Research Assistant (1998):</resp>
               <name>Eric T. Caldwell</name>
               <resp>Research Assistant (1997):</resp>
               <name>Michele Ierardi Ferrari</name>
               <resp>Research Assistant (1998-1999):</resp>
               <name>Amanda French</name>
               <resp>Research Assistant (1996-1997):</resp>
               <name>Stephen Holcombe</name>
               <resp>Research Assistant (1994-1996):</resp>
               <name>Daniel Reiss</name>
               <resp>Research Assistant (1999-2002):</resp>
               <name>Damian Rollison</name>
               <resp>Research Assistant (1994-1995):</resp>
               <name>Heather Seagroatt</name>
               <resp>Research Assistant (1998-1999):</resp>
               <name>Melanie S. Seibert</name>
               <resp>Research Assistant (1996-1997):</resp>
               <name>Andrew Stauffer</name>
               <resp>Research Assistant (2000-2001):</resp>
               <name>Christina Svendsen</name>
               <resp>Systems Analyst (1993-1999):</resp>
               <name>Oloduton Akinola</name>
               <resp>Programmer/Analyst (1997-):</resp>
               <name>Robbie Bingler</name>
               <resp>Programmer/Analyst (2000-2002):</resp>
               <name>Kirk Hastings</name>
               <resp>Programmer/Analyst (1999-):</resp>
               <name>Stephen Ramsay</name>
               <resp>Programmer/Analyst (1998-1999):</resp>
               <name>Susan Munson</name>
               <resp>Senior Programmer/Analyst (1995-1997):</resp>
               <name>Susan Gants</name>
               <resp>Consultant (1999):</resp>
               <name>David Cosca</name>
               <resp>Consultant (1997-):</resp>
               <name>Chris Jesse</name>
               <resp>Consultant (1999-):</resp>
               <name>Michelle Kraft</name>
               <resp>Consultant (1998-):</resp>
               <name>Daniel Pitti</name>
               <resp>Consultant (1992-1994):</resp>
               <name>John Price-Wilkin</name>
               <resp>Consultant (1992-1996):</resp>
               <name>Thornton Staples</name>
               <resp>Consultant (1993-):</resp>
               <name>John Unsworth</name>
            </respstmt>
         </seriesstmt>



         <notesstmt> </notesstmt>

         <sourcedesc>
            <citnstruct>
               <title>[untitled]</title>

               <author>Dante Gabriel Rossetti</author>

               <msprod>
                  <date>1872 (circa)</date>

                  <type>MS.printer</type>

                  <assign/>

                  <collation/>

                  <note/>
               </msprod>

               <scribe>DGR</scribe>

               <corrector/>

               <provenance>
                  <location>Princeton University Library</location>

                  <recnum>AM21395</recnum>

                  <note>The manuscript's shelf mark is CO 185.</note>
               </provenance>

               <physicaldesc>
                  <binding>
                     <cover/>

                     <endpapers/>
                  </binding>

                  <paper/>

                  <watermark/>

                  <note>one small sheet, 17x10.8cm. On the verso are several bibliographical notes on the
source of a quotation about Punchinello.</note>
               </physicaldesc>
            </citnstruct>
         </sourcedesc>
      </filedesc>

      <encodingdesc/>

      <profiledesc>
         <commentaries>
            <head>Commentary</head>

            <section type="intro">
               <head>Introduction</head>

               <p/>
            </section>

            <section type="texthistcomp">
               <head>Textual History: Composition</head>

               <p>This fragment was sent by DGR to his publisher F. S. Ellis in
1872 for inclusion in the sixth edition of DGR's <title level="doc">
                     <xref doc="a.1-1870.raw">
                        <hi rend="i">Poems</hi>
                     </xref>
                  </title>,
first issued in 1870. The 1873 
<xref doc="a.1-1873.raw">Tauchnitz Edition</xref> 
of the same book also carried this text, which is
a revision of the stanza as it had been previously printed.</p>

               <p>The manuscript has two notes by other hands&#8212;one at the top, by
Ellis, the other below the text in an unknown hand authenticating the
manuscript as DGR's.</p>
            </section>

            <section type="texthistrev">
               <head>Textual History: Revision</head>

               <p/>
            </section>

            <section type="prodhist">
               <head>Production History</head>

               <p/>
            </section>

            <section type="recepthist">
               <head>Reception History</head>

               <p/>
            </section>

            <section type="icon">
               <head>Iconographic</head>

               <p/>
            </section>

            <section type="printhist">
               <head>Printing History</head>

               <p/>
            </section>

            <section type="pictorial">
               <head>Pictorial</head>

               <p/>
            </section>

            <section type="historical">
               <head>Historical</head>

               <p/>
            </section>

            <section type="literary">
               <head>Literary</head>

               <p/>
            </section>

            <section type="translation">
               <head>Translation</head>

               <p/>
            </section>

            <section type="autobio">
               <head>Autobiographical</head>

               <p/>
            </section>

            <section type="biblio">
               <head>Bibliographic</head>

               <p/>
            </section>
         </commentaries>
      </profiledesc>

      <revisiondesc/>
   </ramheader>
   <text>
      <body>
         <div0 type="ballad" n="1" title="The Blessed Damozel" id="a.1-1847.i1" workcode="1-1847.s244" dblwork="1-1847.s244">
            <divheader>
               <title>[Untitled]</title>
            </divheader>

            <lg n="1" r="7" type="sexain">
               <l n="1" r="37">Around her, lovers, newly met</l>

               <l n="2" r="38" indent="1"> 'Mid deathless love's acclaims,</l>

               <l n="3" r="39">Spoke evermore among themselves</l>

               <l n="4" r="40" indent="1"> Their rapturous new names;</l>

               <l n="5" r="41">And the souls mounting up to God</l>

               <l n="6" r="42" indent="1"> Went by her like thin flames.</l>
            </lg>
         </div0>
      </body>
   </text>
</ram>