<?xml version="1.0" encoding="iso-8859-1"?>
<ram archivetype="rad" type="book" id="a.1-1870.1stedn" image="" metatype="web.book" workcode="1-1870" version="1stedn" subset="" dblwork="" rltdobject="" photodup="">
   <ramheader>
      <filedesc>
         <titlestmt>
            <title>Poems (1870): First Edition</title>

            <author>Dante Gabriel Rossetti</author>


            <respstmt>
               <resp>Editor:</resp>
               <name>Jerome McGann</name>
               <resp>Project Manager (2000-):</resp>
               <name>William J. Hughes</name>
               <resp>Design Editor (1997-):</resp>
               <name>Bethany Paige Nowviskie</name>
               <resp>Senior Research Assistant (1999-):</resp>
               <name>Maura Tarnoff</name>
               <resp>Senior Research Assistant (2000-):</resp>
               <name>Craig Warren</name>
               <resp>Research Assistant (2002-):</resp>
               <name>Monica McTighe</name>
               <resp>Research Assistant (2001-):</resp>
               <name>Charles Sligh</name>
               <resp>Research Assistant (2002-):</resp>
               <name>Rivka Swenson</name>
               <resp>Research Assistant (2002-):</resp>
               <name>Melissa White</name>
               <resp>Project Manager (1995-2000):</resp>
               <name>Melissa Smith Kennedy</name>
               <resp>Project Manager (1994-1997):</resp>
               <name>Amy Sexton</name>
               <resp>Research Assistant (2001-2002):</resp>
               <name>Andrea Bobotis</name>
               <resp>Research Assistant (1998):</resp>
               <name>Eric T. Caldwell</name>
               <resp>Research Assistant (1997):</resp>
               <name>Michele Ierardi Ferrari</name>
               <resp>Research Assistant (1998-1999):</resp>
               <name>Amanda French</name>
               <resp>Research Assistant (1996-1997):</resp>
               <name>Stephen Holcombe</name>
               <resp>Research Assistant (1994-1996):</resp>
               <name>Daniel Reiss</name>
               <resp>Research Assistant (1999-2002):</resp>
               <name>Damian Rollison</name>
               <resp>Research Assistant (1994-1995):</resp>
               <name>Heather Seagroatt</name>
               <resp>Research Assistant (1998-1999):</resp>
               <name>Melanie S. Seibert</name>
               <resp>Research Assistant (1996-1997):</resp>
               <name>Andrew Stauffer</name>
               <resp>Research Assistant (2000-2001):</resp>
               <name>Christina Svendsen</name>
               <resp>Systems Analyst (1993-1999):</resp>
               <name>Oloduton Akinola</name>
               <resp>Programmer/Analyst (1997-):</resp>
               <name>Robbie Bingler</name>
               <resp>Programmer/Analyst (2000-2002):</resp>
               <name>Kirk Hastings</name>
               <resp>Programmer/Analyst (1999-):</resp>
               <name>Stephen Ramsay</name>
               <resp>Programmer/Analyst (1998-1999):</resp>
               <name>Susan Munson</name>
               <resp>Senior Programmer/Analyst (1995-1997):</resp>
               <name>Susan Gants</name>
               <resp>Consultant (1999):</resp>
               <name>David Cosca</name>
               <resp>Consultant (1997-):</resp>
               <name>Chris Jesse</name>
               <resp>Consultant (1999-):</resp>
               <name>Michelle Kraft</name>
               <resp>Consultant (1998-):</resp>
               <name>Daniel Pitti</name>
               <resp>Consultant (1992-1994):</resp>
               <name>John Price-Wilkin</name>
               <resp>Consultant (1992-1996):</resp>
               <name>Thornton Staples</name>
               <resp>Consultant (1993-):</resp>
               <name>John Unsworth</name>
            </respstmt>
            <patrons>
               <sponsor>Institute for Advanced Technology in the Humanities, University of Virginia</sponsor>
               <funder>Funded in part by an equipment grant from International Business Machines Corporation</funder>
               <funder>Funded in part by research support grants from the University of Virginia</funder>
               <funder>Funded in part by the University of Michigan Press</funder>
               <funder>Funded in part by a grant from the J. Paul Getty Trust</funder>
            </patrons>
         </titlestmt>

         <editionstmt>
            <edition>1</edition>
         </editionstmt>

         <extent/>
         <publicationstmt>
            <p>Published by the Institute for Advanced Technology in the Humanities, University of Virginia</p>
         </publicationstmt>
         <seriesstmt>
            <title>ARCHIVE OF THE COMPLETE WORKS OF DANTE GABRIEL ROSSETTI:</title>
            <respstmt>
               <resp>Editor:</resp>
               <name>Jerome McGann</name>
               <resp>Project Manager (2000-):</resp>
               <name>William J. Hughes</name>
               <resp>Design Editor (1997-):</resp>
               <name>Bethany Paige Nowviskie</name>
               <resp>Senior Research Assistant (1999-):</resp>
               <name>Maura Tarnoff</name>
               <resp>Senior Research Assistant (2000-):</resp>
               <name>Craig Warren</name>
               <resp>Research Assistant (2002-):</resp>
               <name>Monica McTighe</name>
               <resp>Research Assistant (2001-):</resp>
               <name>Charles Sligh</name>
               <resp>Research Assistant (2002-):</resp>
               <name>Rivka Swenson</name>
               <resp>Research Assistant (2002-):</resp>
               <name>Melissa White</name>
               <resp>Project Manager (1995-2000):</resp>
               <name>Melissa Smith Kennedy</name>
               <resp>Project Manager (1994-1997):</resp>
               <name>Amy Sexton</name>
               <resp>Research Assistant (2001-2002):</resp>
               <name>Andrea Bobotis</name>
               <resp>Research Assistant (1998):</resp>
               <name>Eric T. Caldwell</name>
               <resp>Research Assistant (1997):</resp>
               <name>Michele Ierardi Ferrari</name>
               <resp>Research Assistant (1998-1999):</resp>
               <name>Amanda French</name>
               <resp>Research Assistant (1996-1997):</resp>
               <name>Stephen Holcombe</name>
               <resp>Research Assistant (1994-1996):</resp>
               <name>Daniel Reiss</name>
               <resp>Research Assistant (1999-2002):</resp>
               <name>Damian Rollison</name>
               <resp>Research Assistant (1994-1995):</resp>
               <name>Heather Seagroatt</name>
               <resp>Research Assistant (1998-1999):</resp>
               <name>Melanie S. Seibert</name>
               <resp>Research Assistant (1996-1997):</resp>
               <name>Andrew Stauffer</name>
               <resp>Research Assistant (2000-2001):</resp>
               <name>Christina Svendsen</name>
               <resp>Systems Analyst (1993-1999):</resp>
               <name>Oloduton Akinola</name>
               <resp>Programmer/Analyst (1997-):</resp>
               <name>Robbie Bingler</name>
               <resp>Programmer/Analyst (2000-2002):</resp>
               <name>Kirk Hastings</name>
               <resp>Programmer/Analyst (1999-):</resp>
               <name>Stephen Ramsay</name>
               <resp>Programmer/Analyst (1998-1999):</resp>
               <name>Susan Munson</name>
               <resp>Senior Programmer/Analyst (1995-1997):</resp>
               <name>Susan Gants</name>
               <resp>Consultant (1999):</resp>
               <name>David Cosca</name>
               <resp>Consultant (1997-):</resp>
               <name>Chris Jesse</name>
               <resp>Consultant (1999-):</resp>
               <name>Michelle Kraft</name>
               <resp>Consultant (1998-):</resp>
               <name>Daniel Pitti</name>
               <resp>Consultant (1992-1994):</resp>
               <name>John Price-Wilkin</name>
               <resp>Consultant (1992-1996):</resp>
               <name>Thornton Staples</name>
               <resp>Consultant (1993-):</resp>
               <name>John Unsworth</name>
            </respstmt>
         </seriesstmt>



         <notesstmt> </notesstmt>

         <sourcedesc>
            <citnstruct>
               <title>Poems (1870), first edition</title>

               <author>Dante Gabriel Rossetti</author>

               <imprint> 
                  <publisher>F. S. Ellis</publisher>
 
                  <printer>Strangeways and Walden</printer>
 
                  <city>London</city>
 
                  <date>1870 April</date>
 
                  <edition>1</edition>
 
                  <pagination>[1]-[xii], [1]-282</pagination> 
 
                  <issue>1</issue>
 
                  <authorization>DGR</authorization>
 
                  <collation>[A]<hi rend="sup">6</hi>; B-S<hi rend="sup">8</hi>;
T<hi rend="sup">4</hi>U<hi rend="sup">2</hi>
                  </collation>
 
                  <note/> 
 
               </imprint>

               <scribe/>

               <corrector/>

               <provenance>
                  <location>library of Jerome J. McGann</location>

                  <recnum/>

                  <note/>
               </provenance>

               <physicaldesc>
                  <binding>
                     <cover>Original publisher's green cloth, gold stamped design</cover>

                     <endpapers>blue floral</endpapers>

                     <note>Images of the <xref doc="a.1-1870.1stedn.spine.tif">spine</xref>, <xref doc="a.1-1870.1stedn.frontcover.tif">front</xref> and <xref doc="a.1-1870.1stedn.backcover.tif">back</xref> covers, and <xref doc="a.1-1870.1stedn.001.tif">endpapers</xref> are available.</note>
                  </binding>

                  <typography>
                     <typeface>
                        <point>8 point; 5.5 point leading</point>

                        <font>roman</font>
                     </typeface>

                     <pagelines>
                        <number>24</number>

                        <length/>
                     </pagelines>

                     <columns>1</columns>

                     <margin type="top">2.7 cm</margin>

                     <margin type="bottom">3.7 cm</margin>

                     <margin type="right">2.6 cm</margin>

                     <margin type="left">2 cm</margin>

                     <note>
                        <p>From February until the book was published in April
DGR's letters to his publisher Ellis are preoccupied with the design of
the endpapers and the binding, as well as other matters relating to the
physical appearance of the book: see Doughty and Wahl,  
<bibl>
                              <title level="bk">
                                 <xref doc="a.pr5246.a4.vol2.rad" from="783" to="869">
                                    <hi rend="i">Letters</hi>
                                 </xref>
                              </title> 
                              <pages>II.
783-869passim</pages>
                           </bibl>. DGR was unhappy with the design of the
lettering on the spine of the first edition (see his letter to Ellis, 21
April 1870: <bibl>
                              <title level="bk">
                                 <xref doc="a.pr5246.a4.vol2.rad" from="851" to="852">
                                    <hi rend="i">Letters</hi>
                                 </xref>
                              </title> 
                              <pages>II
851-52</pages>
                           </bibl>) but his complaint came too late for an alteration
to be made in the first edition. The decision to air out the text by
having only 24 lines per page (instead of 29, which is the way it had
been printed to that point) was made in late February (<bibl>
                              <title level="bk">
                                 <xref doc="a.pr5246.a4.vol2.rad" from="802">
                                    <hi rend="i">Letters</hi>
                                 </xref>
                              </title> 
                              <pages>II. 802</pages>
                           </bibl>).</p>

                        <p>Running titles, consisting of the capitalized, italicized name of the 
poem or section followed by a period, are found in the following places 
in the 1870 <bibl>
                              <title level="doc">
                                 <hi rend="i">Poems</hi>
                              </title>
                           </bibl>: in the table 
of contents (CONTENTS), on every poem in the <bibl>
                              <title level="doc">
                                 <xref doc="a.1-1870.raw">
                                    <hi rend="i">Poems</hi>
                                 </xref>
                              </title>
                           </bibl> section
longer than a single page (the name of the poem is the running head), on
every page of the 
<xref doc="a.44-1869.raw">&#8220;House of Life&#8221;</xref> section
(THE HOUSE OF LIFE), and in the <bibl>
                              <title level="doc">
                                 <xref doc="a.1-1870.raw">&#8220;<quote>Sonnets for Pictures and other Sonnets</quote>&#8221;</xref>
                              </title>
                           </bibl> 
section (SONNETS FOR PICTURES or SONNETS).</p>
                     </note>
                  </typography>

                  <paper/>

                  <watermark/>

                  <size>crown octavo. 18.5cm</size>

                  <note>There were 26 large paper copies printed on special
paper. They were bound in half white boards with a paper label on the
spine.</note>
               </physicaldesc>
            </citnstruct>
         </sourcedesc>
      </filedesc>

      <encodingdesc> </encodingdesc>

      <profiledesc>
         <commentaries>
            <head>Commentary</head>

            <section type="intro">
               <head>Introduction</head>

               <p>The <bibl>
                     <date>1870</date> 
                     <title level="doc">
                        <hi rend="i">Poems</hi>
                     </title>
                  </bibl> was put together with immense care and
deliberateness. Every aspect of the work, including all of its production
features, was subjected to the most careful scrutiny. In fact, DGR not
only wrote the book, he designed it, from cover to cover. He imagined
it as a coherent statement of his life and purposes as a poet, which
meant as a poet who was also, like Blake, a visual artist.</p>

               <p>The book is organized with great care, as the elaborately
worked and reworked proofs for the volume show. One might easily suggest
various explanations for the ordering of the texts, but whatever
interpretations were developed, the presence of a deliberated orderliness
is unmistakeable. DGR was especially sensitive to the beginnings and the
ends of the three parts of the book (in Part I, e.g., 
<title level="wrk">
                     <xref doc="a.1-1847.s244.raw">&#8220;The Blessed Damozel&#8221;</xref>
                  </title> clearly
rhymes with 
<title level="wrk">
                     <xref doc="a.42-1869.raw">&#8220;One Girl&#8221;</xref>
                  </title>). 
<title level="wrk">
                     <xref doc="a.11-1870.raw">&#8220;The Monochord&#8221;</xref>
                  </title>, 
which closes the volume, is also plainly a
text meant to carry ultimate significance. Finally, themes and image constellations recur across all three sections like 
<foreign lang="german">leitmotiven</foreign>.
 </p>
            </section>

            <section type="texthistcomp">
               <head>Textual History: Composition</head>

               <p>DGR's 1870 collection includes work that dates back to 1847, as
well as poems that he wrote for the volume when it was in its latest
stages of the printing process. While that process was proceeding, he
also heavily revised and corrected the poems, and used various
friends&#8212;in particular his brother, William Bell Scott, and
Swinburne&#8212;to help him decide about the changes in the texts.
These changes were of three kinds: corrections to individual poems
(including revisions, additions, and deletions); removal and addition of
poems; and rearrangement of the poems within the volume. (Swinburne's
letters to DGR, and the latter's correspondence at the same time,
comprise an invaluable set of critical commentaries on the book and its
individual poems: for Swinburne see Lang, <bibl>
                     <xref doc="a.pr5246.a43.vol2.rad" from="57" to="106" workcode="3-1848">
                        <hi rend="i">Swinburne, Letters</hi>
                     </xref> 

                     <pages>II. 57-106passim</pages>
                  </bibl>, and for DGR see Doughty and Wahl, <bibl>
                     <xref doc="a.pr5246.a4.vol2.rad" from="715" to="837" workcode="1-1870">
                        <hi rend="i">Letters</hi>
                     </xref> 

                     <pages>II. 715-837passim</pages>
                  </bibl>.</p>

               <p>The idea for such a volume developed in the autumn of 1868 when DGR
visited Alice Boyd and William Bell Scott at Penkill Castle. This
move's first most tangible result was DGR's publication of a 
<xref doc="a.52-1869.raw">sixteen sonnet forecast</xref> of 
<title level="wrk">
                     <xref doc="a.44-1869.raw">&#8220;The House of Life&#8221;</xref>
                  </title>
sonnet sequence in <bibl>
                     <title level="per">
                        <xref doc="a.ap4.f7.5.rad" from="266" to="273">
                           <hi rend="i">The 
Fortnightly Review</hi>
                        </xref>
                     </title> (<date>March
1869</date>)</bibl>. After that publication DGR continued to write, to
gather together some of his early work, and to put together a collection
that would represent his achievement as a poet. By the summer of 1869
he had decided to set this body of his poetry in type, though not for
publication. Thus began the incredibly complex process of typesetting
proofs and <title level="doc">
                     <xref doc="a.1-1870.tb1.raw">
                        <hi rend="i">Trial Books</hi>
                     </xref>
                  </title> which DGR used as his vehicle for revising his
poems and experimenting with the form of the book that would eventually
become the 1870 Poems, published in late April 1870.</p>
            </section>

            <section type="texthistrev">
               <head>Textual History: Revision</head>

               <p>The revision process stretched from the printing of the first
set of proofs connected with the 1870 <hi rend="i">Poems</hi> (the <xref doc="a.1-1870.penk.raw">Penkill Proofs</xref>, 18 August 1869) to
mid-April 1870, just before the book was published.</p>
            </section>

            <section type="prodhist">
               <head>Production History</head>

               <p/>
            </section>

            <section type="recepthist">
               <head>Reception</head>

               <p/>
            </section>

            <section type="icon">
               <head>Iconographic</head>

               <p/>
            </section>

            <section type="printhist">
               <head>Printing History</head>

               <p>This begins with the printing of the so-called 
<xref doc="a.1-1870.penk.raw">
                     <hi rend="i">Penkill Proofs</hi>
                  </xref>, 18 August 1869 and
continues through the printing of the <xref doc="a.1-1870.6thedn.rad">sixth edition</xref> in 1872. The construction,
correction, proofing of the first edition was done on texts kept as
standing type through the entire process. At that point stereotype
plates were made and the first edition was printed from those
plates.</p>
            </section>

            <section type="pictorial">
               <head>Pictorial</head>

               <p>At least seventeen of the poems printed in this
volume qualify as <quote>&#8220;double works of art&#8221;</quote> for which the
corresponding pictorial element is a work by DGR. In addition, there
are five other 
<title level="wrk">
                     <xref doc="a.1-1870.raw">&#8220;<quote>Sonnets for Pictures</quote>&#8221;</xref>
                  </title> 
that DGR wrote to accompany paintings executed
by other artists. The latter group constitutes a body of work that DGR
intends to represent a broad historical range of painting that extends
from the early Renaissance to DGR's contemporary scene.</p>
            </section>

            <section type="historical">
               <head>Historical</head>

               <p>A number of the most notable poems in the volume deal
explicitly with contemporary issues, like <title level="wrk">
                     <xref doc="a.3-1848.raw">&#8220;Jenny&#8221;</xref>
                  </title>, 
<title level="wrk">
                     <xref doc="a.1-1850.raw">&#8220;The Burden of Nineveh&#8221;</xref>
                  </title>, 
<title level="wrk">
                     <xref doc="a.6-1849.raw">&#8220;On 
Refusal of Aid Between Nations&#8221;</xref>
                  </title>. But the main contemporary thrust of the book is
along cultural and aesthetic lines. The social issue that most concerns
DGR is the current state of British art and poetry. His obession with
this matter is scarcely less intense than his master, William Blake.
Where the latter's emotional temper in this area tended to be quite
volatile, however, DGR's was brooding.</p>
            </section>

            <section type="literary">
               <head>Literary</head>

               <p>The chief literary presence in this book is without
question Dante&#8212;most especially the Dante of the <title level="wrk" lang="italian">
                     <xref doc="a.dante005.rad">
                        <hi rend="i">Vita Nuova</hi>
                     </xref>
                  </title>, although
DGR knew and drew upon all of his work. Beyond that, the entire
tradition of courtly love and troubador verse exerts a clear influence
across the volume: one notes in particular Dante's contemporaries,
Petrarch, Sidney, Shakespeare, the English metaphysicals, and finally
the Della Cruscans of the late eighteenth-century and their inheritors
(especially Shelley, Keats, and Tennyson). Oddly, Blake does not figure
prominently in the book, even though he was in certain clear ways DGR's
English master and mentor. Finally, Poe and Browning figure in
prominent ways.</p>
            </section>

            <section type="translation">
               <head>Translation</head>

               <p>Immediately after the volume was published DGR raised the
possibility with his publisher Ellis of reissuing his book of
translations 
<bibl>
                     <title level="doc">
                        <xref doc="a.1-1861.raw">
                           <hi rend="i">The Early Italian Poets</hi>
                        </xref>
                     </title> 
(<date>1861</date>)</bibl> 
( see Doughty and Wahl,<bibl>
                     <title level="bk">
                        <xref doc="a.pr5246.a43.vol2.rad" from="860" to="865" workcode="pr5246.a43">
                           <hi rend="i">Letters</hi>
                        </xref>
                     </title> 
                     <pages>II. 860-865</pages>
                  </bibl>). 
The thought underscores the close and
important relation that DGR's translation work bears to his original
poetry. The relation is manifest throughout the 
<bibl>
                     <date>1870</date> 

                     <xref doc="a.1-1870.1stedn.rad">
                        <title level="doc">Poems</title>
                     </xref>
                  </bibl>, although only the 
<title level="wrk">
                     <xref doc="a.49-1869.raw">&#8220;<quote>Three Translations from Villon</quote>&#8221;</xref>
                  </title> make the point explicit.</p>
            </section>

            <section type="autobio">
               <head>Autobiographical</head>

               <p/>
            </section>
         </commentaries>
      </profiledesc>

      <revisiondesc> </revisiondesc>
   </ramheader>
   <text>
      <body>
         <div0 n="" type="">
            <div1 type="ballad" n="1" title="The Blessed Damozel." id="a.1-1847.i2" workcode="1-1847.s244" dblwork="1-1847.s244">
               <divheader>
                  <title level="wrk" id="A.R.1">
                     <hi rend="c">THE BLESSED DAMOZEL</hi>.</title>
               </divheader>

               <lg n="1" type="sexain">
                  <l n="1">
                     <hi rend="sc">THE</hi> blessed damozel leaned out</l>

                  <l n="2" indent="1"> From the gold bar of Heaven;</l>

                  <l n="3">Her eyes were deeper than the depth</l>

                  <l n="4" indent="1"> Of waters stilled at even;</l>

                  <l n="5">She had three lilies in her hand,</l>

                  <l n="6" indent="1"> And the stars in her hair were seven.</l>
               </lg>

               <lg n="2" type="sexain">
                  <l n="7">Her robe, ungirt from clasp to hem,</l>

                  <l n="8" indent="1"> No wrought flowers did adorn,</l>

                  <l n="9">But a white rose of Mary's gift,</l>

                  <l n="10" indent="1"> For service meetly worn;</l>

                  <l n="11">Her hair that lay along her back</l>

                  <l n="12" indent="1"> Was yellow like ripe corn.</l>
               </lg>

               <lg n="3" type="sexain">
                  <l n="13">Herseemed she scarce had been a day</l>

                  <l n="14" indent="1"> One of God's choristers;
<epage/>
                     <page n="2" image="a.1-1870.1stedn.009.tif" width="2367" height="1805"/>
                  </l>

                  <l n="15">The wonder was not yet quite gone</l>

                  <l n="16" indent="1"> From that still look of hers;</l>

                  <l n="17">Albeit, to them she left, her day</l>

                  <l n="18" indent="1"> Had counted as ten years.</l>
               </lg>

               <lg n="4" type="sexain">
                  <l n="19">(To one, it is ten years of years.</l>

                  <l n="20" indent="1"> . . . Yet now, and in this place,</l>

                  <l n="21">Surely she leaned o'er me&#8212;her hair</l>

                  <l n="22" indent="1"> Fell all about my face. . . .</l>

                  <l n="23">Nothing: the autumn fall of leaves.</l>

                  <l n="24" indent="1"> The whole year sets apace.)</l>
               </lg>

               <lg n="5" type="sexain">
                  <l n="25">It was the rampart of God's house</l>

                  <l n="26" indent="1"> That she was standing on;</l>

                  <l n="27">By God built over the sheer depth</l>

                  <l n="28" indent="1"> The which is Space begun;</l>

                  <l n="29">So high, that looking downward thence</l>

                  <l n="30" indent="1"> She scarce could see the sun.</l>
               </lg>

               <lg n="6" type="sexain">
                  <l n="31">It lies in Heaven, across the flood</l>

                  <l n="32" indent="1"> Of ether, as a bridge.</l>

                  <l n="33">Beneath, the tides of day and night</l>

                  <l n="34" indent="1"> With flame and darkness ridge</l>

                  <l n="35">The void, as low as where this earth</l>

                  <l n="36" indent="1"> Spins like a fretful midge.</l>
               </lg>

               <epage/>
               <page n="3" image="a.1-1870.1stedn.009.tif" width="2367" height="1805"/>
               <lg n="7" type="sexain">
                  <l n="37">Heard hardly, some of her new friends</l>

                  <l n="38" indent="1"> Amid their loving games</l>

                  <l n="39">Spake evermore among themselves</l>

                  <l n="40" indent="1"> Their virginal chaste names;</l>

                  <l n="41">And the souls mounting up to God</l>

                  <l n="42" indent="1"> Went by her like thin flames.</l>
               </lg>

               <lg n="8" type="sexain">
                  <l n="43">And still she bowed herself and stooped</l>

                  <l n="44" indent="1"> Out of the circling charm;</l>

                  <l n="45">Until her bosom must have made</l>

                  <l n="46" indent="1"> The bar she leaned on warm,</l>

                  <l n="47">And the lilies lay as if asleep</l>

                  <l n="48" indent="1"> Along her bended arm.</l>
               </lg>

               <lg n="9" type="sexain">
                  <l n="49">From the fixed place of Heaven she saw</l>

                  <l n="50" indent="1"> Time like a pulse shake fierce</l>

                  <l n="51">Through all the worlds. Her gaze still strove</l>

                  <l n="52" indent="1"> Within the gulf to pierce</l>

                  <l n="53">Its path; and now she spoke as when</l>

                  <l n="54" indent="1"> The stars sang in their spheres.</l>
               </lg>

               <lg n="10" type="sexain">
                  <l n="55">The sun was gone now; the curled moon</l>

                  <l n="56" indent="1"> Was like a little feather</l>

                  <l n="57">Fluttering far down the gulf; and now</l>

                  <l n="58" indent="1"> She spoke through the still weather.
<epage/>
                     <page n="4" image="a.1-1870.1stedn.010.tif" width="2367" height="1805"/>
                  </l>

                  <l n="59">Her voice was like the voice the stars</l>

                  <l n="60" indent="1"> Had when they sang together.</l>
               </lg>

               <lg n="11" type="sexain">
                  <l n="61">(Ah sweet! Even now, in that bird's song,</l>

                  <l n="62" indent="1"> Strove not her accents there,</l>

                  <l n="63">Fain to be hearkened? When those bells</l>

                  <l n="64" indent="1"> Possessed the mid-day air,</l>

                  <l n="65">Strove not her steps to reach my side</l>

                  <l n="66" indent="1"> Down all the echoing stair?)</l>
               </lg>

               <lg n="12" type="sexain">
                  <l n="67">&#8216;I wish that he were come to me,</l>

                  <l n="68" indent="1"> For he will come,&#8217; she said.</l>

                  <l n="69">&#8216;Have I not prayed in Heaven?&#8212;on earth,</l>

                  <l n="70" indent="1"> Lord, Lord, has he not pray'd?</l>

                  <l n="71">Are not two prayers a perfect strength?</l>

                  <l n="72" indent="1"> And shall I feel afraid?</l>
               </lg>

               <lg n="13" type="sexain">
                  <l n="73">&#8216;When round his head the aureole clings,</l>

                  <l n="74" indent="1"> And he is clothed in white,</l>

                  <l n="75">I'll take his hand and go with him</l>

                  <l n="76" indent="1"> To the deep wells of light;</l>

                  <l n="77">We will step down as to a stream,</l>

                  <l n="78" indent="1"> And bathe there in God's sight.</l>
               </lg>

               <lg n="14" type="sexain">
                  <l n="79">&#8216;We two will stand beside that shrine,</l>

                  <l n="80" indent="1"> Occult, withheld, untrod,
<epage/>
                     <page n="5" image="a.1-1870.1stedn.010.tif" width="2367" height="1805"/>
                  </l>

                  <l n="81">Whose lamps are stirred continually</l>

                  <l n="82" indent="1"> With prayer sent up to God;</l>

                  <l n="83">And see our old prayers, granted, melt</l>

                  <l n="84" indent="1"> Each like a little cloud.</l>
               </lg>

               <lg n="15" type="sexain">
                  <l n="85">&#8216;We two will lie i'the shadow of</l>

                  <l n="86" indent="1"> That living mystic tree</l>

                  <l n="87">Within whose secret growth the Dove</l>

                  <l n="88" indent="1"> Is sometimes felt to be,</l>

                  <l n="89">While every leaf that His plumes touch</l>

                  <l n="90" indent="1"> Saith His Name audibly.</l>
               </lg>

               <lg n="16" type="sexain">
                  <l n="91">&#8216;And I myself will teach to him,</l>

                  <l n="92" indent="1"> I myself, lying so,</l>

                  <l n="93">The songs I sing here; which his voice</l>

                  <l n="94" indent="1"> Shall pause in, hushed and slow,</l>

                  <l n="95">And find some knowledge at each pause,</l>

                  <l n="96" indent="1"> Or some new thing to know.&#8217;</l>
               </lg>

               <lg n="17" type="sexain">
                  <l n="97">(Alas! We two, we two, thou say`st!</l>

                  <l n="98" indent="1"> Yea, one wast thou with me</l>

                  <l n="99">That once of old. But shall God lift</l>

                  <l n="100" indent="1"> To endless unity</l>

                  <l n="101">The soul whose likeness with thy soul</l>

                  <l n="102" indent="1"> Was but its love for thee?)</l>
               </lg>

               <epage/>
               <page n="6" image="a.1-1870.1stedn.011.tif" width="2697" height="2106"/>
               <lg n="18" type="sexain">
                  <l n="103">&#8216;We two,&#8217; she said, &#8216;will seek the groves</l>

                  <l n="104" indent="1"> Where the lady Mary is,</l>

                  <l n="105">With her five handmaidens, whose names</l>

                  <l n="106" indent="1"> Are five sweet symphonies,</l>

                  <l n="107">Cecily, Gertrude, Magdalen,</l>

                  <l n="108" indent="1"> Margaret and Rosalys.</l>
               </lg>

               <lg n="19" type="sexain">
                  <l n="109">&#8216;Circlewise sit they, with bound locks</l>

                  <l n="110" indent="1"> And foreheads garlanded;</l>

                  <l n="111">Into the fine cloth white like flame</l>

                  <l n="112" indent="1"> Weaving the golden thread,</l>

                  <l n="113">To fashion the birth-robes for them</l>

                  <l n="114" indent="1"> Who are just born, being dead.</l>
               </lg>

               <lg n="20" type="sexain">
                  <l n="115">&#8216;He shall fear, haply, and be dumb:</l>

                  <l n="116" indent="1"> Then will I lay my cheek</l>

                  <l n="117">To his, and tell about our love,</l>

                  <l n="118" indent="1"> Not once abashed or weak:</l>

                  <l n="119">And the dear Mother will approve</l>

                  <l n="120" indent="1"> My pride, and let me speak.</l>
               </lg>

               <lg n="21" type="sexain">
                  <l n="121">&#8216;Herself shall bring us, hand in hand,</l>

                  <l n="122" indent="1"> To Him round whom all souls</l>

                  <l n="123">Kneel, the clear-ranged unnumbered heads</l>

                  <l n="124" indent="1"> Bowed with their aureoles:<epage/>
                     <page n="7" image="a.1-1870.1stedn.011.tif" width="2697" height="2106"/>
                  </l>

                  <l n="125">And angels meeting us shall sing</l>

                  <l n="126" indent="1"> To their citherns and citoles.</l>
               </lg>

               <lg n="22" type="sexain">
                  <l n="127">&#8216;There will I ask of Christ the Lord</l>

                  <l n="128" indent="1"> Thus much for him and me:&#8212;</l>

                  <l n="129">Only to live as once on earth</l>

                  <l n="130" indent="1"> With Love,&#8212;only to be,</l>

                  <l n="131">As then awhile, for ever now</l>

                  <l n="132" indent="1"> Together, I and he.&#8217;</l>
               </lg>

               <lg n="23" type="sexain">
                  <l n="133">She gazed and listened and then said,</l>

                  <l n="134" indent="1"> Less sad of speech than mild,&#8212;</l>

                  <l n="135">&#8216;All this is when he comes.&#8217; She ceased.</l>

                  <l n="136" indent="1"> The light thrilled towards her, fill'd</l>

                  <l n="137">With angels in strong level flight.</l>

                  <l n="138" indent="1"> Her eyes prayed, and she smil'd.</l>
               </lg>

               <lg n="24" type="sexain">
                  <l n="139">(I saw her smile.) But soon their path</l>

                  <l n="140" indent="1"> Was vague in distant spheres:</l>

                  <l n="141">And then she cast her arms along</l>

                  <l n="142" indent="1"> The golden barriers,</l>

                  <l n="143">And laid her face between her hands,</l>

                  <l n="144" indent="1"> And wept. (I heard her tears.)</l>
               </lg>
            </div1>
            <div1 n="" type=""/>
            <div1 n="" type=""/>
            <div1 n="" type=""/>
            <div1 n="" type=""/>
            <div1 n="" type=""/>
            <div1 n="" type=""/>
            <div1 n="" type="">
               <div2 n="" type="">
                  <div3 n="" type=""/>
               </div2>
            </div1>
            <div1 n="" type=""/>
            <div1 n="" type=""/>
            <div1 n="" type=""/>
            <div1 n="" type=""/>
            <div1 n="" type=""/>
            <div1 n="" type=""/>
            <div1 n="" type=""/>
            <div1 n="" type=""/>
            <div1 n="" type=""/>
            <div1 n="" type=""/>
            <div1 n="" type=""/>
            <div1 n="" type=""/>
            <div1 n="" type="">
               <div2 n="" type=""/>
               <div2 n="" type=""/>
               <div2 n="" type=""/>
            </div1>
            <div1 n="" type=""/>
            <div1 n="" type=""/>
            <div1 n="" type=""/>
         </div0>
         <div0 n="" type="">
            <div1 n="" type="">
               <div2 n="" type=""/>
               <div2 n="" type=""/>
               <div2 n="" type=""/>
               <div2 n="" type=""/>
               <div2 n="" type=""/>
               <div2 n="" type=""/>
               <div2 n="" type=""/>
               <div2 n="" type=""/>
               <div2 n="" type=""/>
               <div2 n="" type=""/>
               <div2 n="" type=""/>
               <div2 n="" type=""/>
               <div2 n="" type=""/>
               <div2 n="" type=""/>
               <div2 n="" type=""/>
               <div2 n="" type=""/>
               <div2 n="" type=""/>
               <div2 n="" type=""/>
               <div2 n="" type=""/>
               <div2 n="" type=""/>
               <div2 n="" type=""/>
               <div2 n="" type=""/>
               <div2 n="" type=""/>
               <div2 n="" type="">
                  <div3 n="" type=""/>
                  <div3 n="" type=""/>
                  <div3 n="" type=""/>
                  <div3 n="" type=""/>
               </div2>
               <div2 n="" type=""/>
               <div2 n="" type=""/>
               <div2 n="" type=""/>
               <div2 n="" type=""/>
               <div2 n="" type=""/>
               <div2 n="" type=""/>
               <div2 n="" type=""/>
               <div2 n="" type="">
                  <div3 n="" type=""/>
                  <div3 n="" type=""/>
                  <div3 n="" type=""/>
               </div2>
               <div2 n="" type=""/>
               <div2 n="" type=""/>
               <div2 n="" type=""/>
               <div2 n="" type=""/>
               <div2 n="" type=""/>
               <div2 n="" type=""/>
               <div2 n="" type=""/>
               <div2 n="" type=""/>
               <div2 n="" type=""/>
               <div2 n="" type=""/>
               <div2 n="" type="">
                  <div3 n="" type=""/>
                  <div3 n="" type=""/>
               </div2>
               <div2 n="" type=""/>
            </div1>
            <div1 n="" type="">
               <div2 n="" type=""/>
               <div2 n="" type=""/>
               <div2 n="" type=""/>
               <div2 n="" type=""/>
               <div2 n="" type=""/>
               <div2 n="" type=""/>
               <div2 n="" type=""/>
               <div2 n="" type=""/>
               <div2 n="" type=""/>
               <div2 n="" type=""/>
               <div2 n="" type=""/>
            </div1>
         </div0>
         <div0 n="" type="">
            <div1 n="" type=""/>
            <div1 n="" type=""/>
            <div1 n="" type=""/>
            <div1 n="" type="">
               <div2 n="" type=""/>
               <div2 n="" type=""/>
            </div1>
            <div1 n="" type=""/>
            <div1 n="" type=""/>
            <div1 n="" type=""/>
            <div1 n="" type=""/>
            <div1 n="" type=""/>
            <div1 n="" type=""/>
            <div1 n="" type=""/>
            <div1 n="" type=""/>
            <div1 n="" type="">
               <div2 n="" type=""/>
               <div2 n="" type=""/>
            </div1>
            <div1 n="" type=""/>
            <div1 n="" type=""/>
            <div1 n="" type=""/>
            <div1 n="" type=""/>
            <div1 n="" type=""/>
            <div1 n="" type=""/>
            <div1 n="" type=""/>
            <div1 n="" type=""/>
            <div1 n="" type=""/>
         </div0>
      </body>

      <back>
         <div0 n="" type=""/>
      </back>
   </text>
</ram>
