<?xml version="1.0" encoding="iso-8859-1"?>
<ram archivetype="rad" type="proof.page" id="a.1-1870.penkb.trox" image="" metatype="web.book" workcode="1-1870" version="penk" subset="b.trox" dblwork="" rltdobject="" photodup="">
   <ramheader>
      <filedesc>
         <titlestmt>
            <title>Poems. (Privately Printed): Penkill Proofs, Princeton/Troxell  
(copy 2)</title>

            <author>Dante Gabriel Rossetti</author>


            <respstmt>
               <resp>Editor:</resp>
               <name>Jerome McGann</name>
               <resp>Project Manager (2000-):</resp>
               <name>William J. Hughes</name>
               <resp>Design Editor (1997-):</resp>
               <name>Bethany Paige Nowviskie</name>
               <resp>Senior Research Assistant (1999-):</resp>
               <name>Maura Tarnoff</name>
               <resp>Senior Research Assistant (2000-):</resp>
               <name>Craig Warren</name>
               <resp>Research Assistant (2002-):</resp>
               <name>Monica McTighe</name>
               <resp>Research Assistant (2001-):</resp>
               <name>Charles Sligh</name>
               <resp>Research Assistant (2002-):</resp>
               <name>Rivka Swenson</name>
               <resp>Research Assistant (2002-):</resp>
               <name>Melissa White</name>
               <resp>Project Manager (1995-2000):</resp>
               <name>Melissa Smith Kennedy</name>
               <resp>Project Manager (1994-1997):</resp>
               <name>Amy Sexton</name>
               <resp>Research Assistant (2001-2002):</resp>
               <name>Andrea Bobotis</name>
               <resp>Research Assistant (1998):</resp>
               <name>Eric T. Caldwell</name>
               <resp>Research Assistant (1997):</resp>
               <name>Michele Ierardi Ferrari</name>
               <resp>Research Assistant (1998-1999):</resp>
               <name>Amanda French</name>
               <resp>Research Assistant (1996-1997):</resp>
               <name>Stephen Holcombe</name>
               <resp>Research Assistant (1994-1996):</resp>
               <name>Daniel Reiss</name>
               <resp>Research Assistant (1999-2002):</resp>
               <name>Damian Rollison</name>
               <resp>Research Assistant (1994-1995):</resp>
               <name>Heather Seagroatt</name>
               <resp>Research Assistant (1998-1999):</resp>
               <name>Melanie S. Seibert</name>
               <resp>Research Assistant (1996-1997):</resp>
               <name>Andrew Stauffer</name>
               <resp>Research Assistant (2000-2001):</resp>
               <name>Christina Svendsen</name>
               <resp>Systems Analyst (1993-1999):</resp>
               <name>Oloduton Akinola</name>
               <resp>Programmer/Analyst (1997-):</resp>
               <name>Robbie Bingler</name>
               <resp>Programmer/Analyst (2000-2002):</resp>
               <name>Kirk Hastings</name>
               <resp>Programmer/Analyst (1999-):</resp>
               <name>Stephen Ramsay</name>
               <resp>Programmer/Analyst (1998-1999):</resp>
               <name>Susan Munson</name>
               <resp>Senior Programmer/Analyst (1995-1997):</resp>
               <name>Susan Gants</name>
               <resp>Consultant (1999):</resp>
               <name>David Cosca</name>
               <resp>Consultant (1997-):</resp>
               <name>Chris Jesse</name>
               <resp>Consultant (1999-):</resp>
               <name>Michelle Kraft</name>
               <resp>Consultant (1998-):</resp>
               <name>Daniel Pitti</name>
               <resp>Consultant (1992-1994):</resp>
               <name>John Price-Wilkin</name>
               <resp>Consultant (1992-1996):</resp>
               <name>Thornton Staples</name>
               <resp>Consultant (1993-):</resp>
               <name>John Unsworth</name>
            </respstmt>
            <patrons>
               <sponsor>Institute for Advanced Technology in the Humanities, University of Virginia</sponsor>
               <funder>Funded in part by an equipment grant from International Business Machines Corporation</funder>
               <funder>Funded in part by research support grants from the University of Virginia</funder>
               <funder>Funded in part by the University of Michigan Press</funder>
               <funder>Funded in part by a grant from the J. Paul Getty Trust</funder>
            </patrons>
         </titlestmt>

         <editionstmt>
            <edition>1</edition>

            <copyright>Used with permission of Princeton University. From the Princeton University Library,
Department of Rare Books and Special Collections.
All rights reserved. Redistribution or republication in any medium requires
express written consent from Princeton University Library. Permissions inquiries should be
addressed to Associate University Librarian, Rare Books and Special
Collections, Princeton University Library.</copyright>
         </editionstmt>

         <extent/>
         <publicationstmt>
            <p>Published by the Institute for Advanced Technology in the Humanities, University of Virginia</p>
         </publicationstmt>
         <seriesstmt>
            <title>ARCHIVE OF THE COMPLETE WORKS OF DANTE GABRIEL ROSSETTI:</title>
            <respstmt>
               <resp>Editor:</resp>
               <name>Jerome McGann</name>
               <resp>Project Manager (2000-):</resp>
               <name>William J. Hughes</name>
               <resp>Design Editor (1997-):</resp>
               <name>Bethany Paige Nowviskie</name>
               <resp>Senior Research Assistant (1999-):</resp>
               <name>Maura Tarnoff</name>
               <resp>Senior Research Assistant (2000-):</resp>
               <name>Craig Warren</name>
               <resp>Research Assistant (2002-):</resp>
               <name>Monica McTighe</name>
               <resp>Research Assistant (2001-):</resp>
               <name>Charles Sligh</name>
               <resp>Research Assistant (2002-):</resp>
               <name>Rivka Swenson</name>
               <resp>Research Assistant (2002-):</resp>
               <name>Melissa White</name>
               <resp>Project Manager (1995-2000):</resp>
               <name>Melissa Smith Kennedy</name>
               <resp>Project Manager (1994-1997):</resp>
               <name>Amy Sexton</name>
               <resp>Research Assistant (2001-2002):</resp>
               <name>Andrea Bobotis</name>
               <resp>Research Assistant (1998):</resp>
               <name>Eric T. Caldwell</name>
               <resp>Research Assistant (1997):</resp>
               <name>Michele Ierardi Ferrari</name>
               <resp>Research Assistant (1998-1999):</resp>
               <name>Amanda French</name>
               <resp>Research Assistant (1996-1997):</resp>
               <name>Stephen Holcombe</name>
               <resp>Research Assistant (1994-1996):</resp>
               <name>Daniel Reiss</name>
               <resp>Research Assistant (1999-2002):</resp>
               <name>Damian Rollison</name>
               <resp>Research Assistant (1994-1995):</resp>
               <name>Heather Seagroatt</name>
               <resp>Research Assistant (1998-1999):</resp>
               <name>Melanie S. Seibert</name>
               <resp>Research Assistant (1996-1997):</resp>
               <name>Andrew Stauffer</name>
               <resp>Research Assistant (2000-2001):</resp>
               <name>Christina Svendsen</name>
               <resp>Systems Analyst (1993-1999):</resp>
               <name>Oloduton Akinola</name>
               <resp>Programmer/Analyst (1997-):</resp>
               <name>Robbie Bingler</name>
               <resp>Programmer/Analyst (2000-2002):</resp>
               <name>Kirk Hastings</name>
               <resp>Programmer/Analyst (1999-):</resp>
               <name>Stephen Ramsay</name>
               <resp>Programmer/Analyst (1998-1999):</resp>
               <name>Susan Munson</name>
               <resp>Senior Programmer/Analyst (1995-1997):</resp>
               <name>Susan Gants</name>
               <resp>Consultant (1999):</resp>
               <name>David Cosca</name>
               <resp>Consultant (1997-):</resp>
               <name>Chris Jesse</name>
               <resp>Consultant (1999-):</resp>
               <name>Michelle Kraft</name>
               <resp>Consultant (1998-):</resp>
               <name>Daniel Pitti</name>
               <resp>Consultant (1992-1994):</resp>
               <name>John Price-Wilkin</name>
               <resp>Consultant (1992-1996):</resp>
               <name>Thornton Staples</name>
               <resp>Consultant (1993-):</resp>
               <name>John Unsworth</name>
            </respstmt>
         </seriesstmt>



         <notesstmt> </notesstmt>

         <sourcedesc>
            <citnstruct>
               <title>Poems. (Privately Printed)</title>

               <author>Dante Gabriel Rossetti</author>

               <imprint> 
                  <publisher>F.S. Ellis</publisher>
 
                  <printer>Strangeways and Walden</printer>
 
                  <city>London</city>
 
                  <date>1869 August 18</date>
 
                  <edition/>
 
                  <prepub type="page proofs">Penkill Proofs, copy B (sometimes called Copy 1)</prepub>
 
                  <pagination>[i-iv], pp [1]-[219] [missing pp 67-68, 85-86,
91-92, 137-138]</pagination>
 
                  <issue/>
 
                  <collation>[A]<hi rend="sup">2</hi>, B - O<hi rend="sup">8</hi>, P<hi rend="sup">6</hi>
 
                  </collation>
 
                  <note>A partial set of proof pages is bound at the back of this document. This distinct proof set is called by Lewis  
<xref doc="a.1-1870.tb1penk.trox.rad">Proof State 5</xref> (see <xref doc="a.z1024.l49.rad" from="186">Lewis1995</xref>, 
186).  This set of pages is actually a partial copy of the <xref doc="a.1-1870.tb1.raw">First Trial Book</xref> proofs.</note>
 
               </imprint>

               <scribe/>

               <corrector>DGR</corrector>

               <provenance>
                  <location>Princeton U. Library, Troxell Collection</location>

                  <recnum>23298</recnum>

                  <note>This was William Bell Scott's copy of the Penkill Proofs.
It came to Princeton in 1972 with the Troxell Collection.</note>
               </provenance>

               <physicaldesc>
                  <binding>
                     <cover>boards</cover>

                     <endpapers/>

                     <note/>
                  </binding>

                  <typography>
                     <typeface>
                        <point>8</point>

                        <font/>
                     </typeface>

                     <pagelines>
                        <number>29</number>

                        <length/>
                     </pagelines>

                     <columns/>

                     <margin type="top"/>

                     <margin type="bottom"/>

                     <margin type="right"/>

                     <margin type="left"/>

                     <note/>
                  </typography>

                  <paper/>

                  <watermark/>

                  <size>crown octavo, 18.5 x 12 cm</size>

                  <note/>
               </physicaldesc>
            </citnstruct>
         </sourcedesc>
      </filedesc>

      <encodingdesc/>

      <profiledesc>
         <commentaries>
            <head>Commentary</head>

            <section type="intro">
               <head>Introduction</head>

               <p>This is copy two of the Princeton/Troxell collection's 
unique pair of copies of the Penkill Proofs, so called because
they were completed and sent to DGR on 18 August 1869, two days
after he arrived at Alice Boyd's home Penkill Castle, in Ayrshire.
He stayed at Penkill until 20 September.</p>

               <p>These proofs were being set in type in July, as DGR's letters to Jane
Morris of 21 and 30 July 1869 show (see <xref doc="a.pr5246.a45.rad" from="8">Bryson and Troxell</xref>: 8, 11). The proofs were not finally 
printed off, however, until 18 August because DGR was revising and adding
poems continually during the printing process. The Penkill Proofs are the
first integral set of proofs that were prepared for DGR as part of the
printing process that would eventuate in the 1870 
<hi rend="i">
                     <title level="wrk">
                        <xref doc="a.1-1870.raw">Poems</xref>
                     </title>
                  </hi>.  They comprise Lewis's second Proof State (see <xref doc="a.z1024.l49.rad" from="186">The Trial Book Fallacy</xref>, 186).</p>
            </section>

            <section type="texthistcomp">
               <head>Textual History: Composition</head>

               <p/>
            </section>

            <section type="texthistrev">
               <head>Textual History: Revision</head>

               <p>Various poems in the later part of these proofs have been 
numbered in pencil by DGR. These numbers correspond to a sequence of pages he
projected for the ordering of the printing of the poems in the next stage of the
revision process, as DGR's note at the beginning of &#8220;<title level="wrk">
                     <xref doc="a.44-1869.raw">The House of Life</xref>
                  </title>&#8221; in these proofs shows.
The companion of these Penkill Proofs, 
<xref doc="a.1-1870.penka.trox.rad">Copy 1</xref>, has some numbers of the same kind, though fewer, and they strongly suggest that DGR was
discussing the issue of sequence with William Bell Scott.  
These numbers permit one to reconstruct the ordering of the
poems as they would have appeared in the <xref doc="a.1-1870.a.raw">A Proofs</xref>, 
which descend directly from the Penkill Proofs. (The only perfect copy of the A Proofs known to exist is in the library of Simon Nowell Smith.)</p>

               <p>This copy of the Penkill Proofs has more corrections of accidentals than
the other copy. Both carry numerous notes to the printer about typeface and
page design. This second copy has a few scraps of manuscript additions added to
the proofs on separate leaves.</p>
            </section>

            <section type="prodhist">
               <head>Production History</head>

               <p/>
            </section>

            <section type="recepthist">
               <head>Reception History</head>

               <p/>
            </section>

            <section type="icon">
               <head>Iconographic</head>

               <p/>
            </section>

            <section type="printhist">
               <head>Printing History</head>

               <p>These proofs were being set from texts that DGR supplied to his
printers (Strangeways and Walden) before he left London on 17 August 1869 for
a sojourn at Penkill Castle in Scotland (see Doughty and Wahl, <bibl>
                     <xref doc="a.pr5246.a4.vol2.rad" from="711">Letters</xref> 
                     <pages>II 711-712</pages>
                  </bibl>).</p>

               <p>The printing process stretched between
approximately 18 July and 18 August 1869. On 7 August DGR wrote to his
publisher Ellis, who was overseeing the printing process, that the poems
should each begin on a separate recto page, except for
the longer poems. These he allowed to be printed on both sides of the page,
though each new poem was to begin on a separate recto. As a consequence, poems
that ran only one page or less all have blank versos. It has been suggested that
this method of printing would allow DGR greater flexibility 
in shifting his poems about, as he experimented with the ordering of the
different works. But it is not at all clear that such a procedure would
have any significant impact on the printing process, at least for the
printers who were preparing the works. On the other hand, 
such a format may well have facilitated the revision process DGR would 
be executing on the proofs.</p>

               <p>The texts missing from this proof can be reconstructed from various
documents. Most important is DGR's manuscript list (partial) of some of the poems
he wanted printed in this first set of proofs. The 
list is contained in the notebook of materials in the Troxell Collection at 
Princeton headed <xref doc="a.post.taylor1.rad">
                     <hi rend="i">MS Poetry 1869-71</hi>
                  </xref>.  
(Also relevant is DGR's letter to his brother of 21 August 1869: see Doughty and Wahl, 
<xref doc="a.pr5246.a4.vol2.rad" from="714">Letters</xref>
II. 714-715). From these documents one can see that pages 66-67 carried
&#8220;<title level="wrk">
                     <xref doc="a.44-1849.raw">A Song and Music</xref>
                  </title>,&#8221; pages 85-86 printed
&#8220;<title level="wrk">
                     <xref doc="a.10-1847.raw">To Mary in Summer</xref>
                  </title>,&#8221; pages 91-92 had
&#8220;<title level="wrk">
                     <xref doc="a.1-1849.raw">Madonna</xref>
                  </title>&#8221; 
(printed under the title <title level="wrk">
                     <xref doc="a.1-1849.raw">&#8220;<quote>Madonna Consolata</quote>,&#8221;</xref>
                  </title> and pages 137-138 had &#8220;<title level="wrk">
                     <xref doc="a.5-1869.raw">
                        <quote>Placata Venere</quote>
                     </xref>
                  </title>,&#8221; 
which was the original title of &#8220;<title level="wrk">
                     <xref doc="a.5-1869.raw">Nuptial Sleep</xref>
                  </title>.&#8221;</p>

               <p>A <xref doc="a.1-1870.tb1penk.trox.rad">partial set</xref> of proof pages for
<xref doc="a.1-1870.tb1.raw">the First Trial Book</xref> is bound up at the
end of these proofs. Scott's notes on these proofs say that DGR left
them with Scott at Penkill Castle when the poet went to London on 20
September 1869 after his sojourn at Penkill, but he must have misremembered for these proofs could not have been printed when DGR was still at Penkill. Scott's notes speak to the
missing pages in the Penkill Proofs and the poems that were on those pages.</p>
            </section>

            <section type="pictorial">
               <head>Pictorial</head>

               <p/>
            </section>

            <section type="historical">
               <head>Historical</head>

               <p/>
            </section>

            <section type="literary">
               <head>Literary</head>

               <p/>
            </section>

            <section type="translation">
               <head>Translation</head>

               <p/>
            </section>

            <section type="autobio">
               <head>Autobiographical</head>

               <p/>
            </section>

            <section type="biblio">
               <head>Bibliographic</head>

               <p>
                  <bibl>
                     <author>Lewis</author>, <title level="bk">
                        <hi rend="i">
                           <xref doc="a.z1024.l49.rad" from="186">The Trial Book Fallacy</xref>
                        </hi>
                     </title>

                     <pages>186</pages>
                  </bibl>.

<bibl>
                     <author>Troxell</author>,
<xref doc="a.pulc.001.rad">
                        <title level="es">&#8220;The Trial Books&#8221;</title>
                     </xref>,
<pages>179, 182</pages>
                  </bibl>.

<bibl>
                     <author>Fraser</author>, <xref doc="a.pulc.002.rad" from="160">
                        <title level="es">&#8220;The Rossetti
Collection of Janet Camp Troxell&#8221;</title>
                     </xref>,
<pages>160</pages>
                  </bibl>.

 </p>
            </section>
         </commentaries>
      </profiledesc>

      <revisiondesc/>
   </ramheader>
   <text>
      <front>
         <div0 n="" type=""/>
         <div0 n="" type=""/>
      </front>

      <body>
         <div0 n="" type="">
            <div1 type="ballad" n="1" title="The Blessed Damozel" id="a.1-1847.i2" workcode="1-1847.s244" dblwork="1-1847.s244">
               <divheader>
                  <title level="wrk">
                     <hi rend="c">THE BLESSED DAMOZEL</hi>.</title>
               </divheader>

               <lg n="1" type="sexain">
                  <l n="1">
                     <hi rend="sc">THE</hi> blessed damozel leaned out</l>

                  <l n="2" indent="1"> From the gold bar of Heaven;</l>

                  <l n="3">Her eyes were deeper than the depth</l>

                  <l n="4" indent="1"> Of waters stilled at even;</l>

                  <l n="5">She had three lilies in her hand,</l>

                  <l n="6" indent="1"> And the stars in her hair were seven.</l>
               </lg>

               <lg n="2" type="sexain">
                  <l n="7">Her robe, ungirt from clasp to hem,</l>

                  <l n="8" indent="1"> No wrought flowers did adorn,</l>

                  <l n="9">But a white rose of Mary's gift,</l>

                  <l n="10" indent="1"> For service meetly worn;</l>

                  <l n="11">And her hair lying down her back</l>

                  <l n="12" indent="1"> Was yellow like ripe corn.</l>
               </lg>

               <lg n="3" type="sexain">
                  <l n="13">Herseemed she scarce had been a day</l>

                  <l n="14" indent="1"> One of God's choristers;
<epage/>
                     <page n="2" image="a.1-1870.penkb.3.tif" width="1024" height="765"/>
                  </l>

                  <l n="15">The wonder was not yet quite gone</l>

                  <l n="16" indent="1"> From that still look of hers;</l>

                  <l n="17">Albeit, to them she left, her day</l>

                  <l n="18" indent="1"> Had counted as ten years.</l>
               </lg>

               <lg n="4" type="sexain">
                  <l n="19">(<hi rend="i">To one, it is ten years of years.</hi>
                  </l>

                  <l n="20" indent="1"> 
                     <hi rend="i">. . . Yet now, and in this place,</hi>
                  </l>

                  <l n="21">
                     <hi rend="i">Surely she lean'd o'er me&#8212;her hair</hi>
                  </l>

                  <l n="22" indent="1"> 
                     <hi rend="i">Fell all about my face . . .</hi>
                  </l>

                  <l n="23">
                     <hi rend="i">Nothing: the autumn fall of leaves.</hi>
                  </l>

                  <l n="24" indent="1"> 
                     <hi rend="i">The whole year sets apace.</hi>)</l>
               </lg>

               <lg n="5" type="sexain">
                  <l n="25">It was the rampart of God's house</l>

                  <l n="26" indent="1"> That she was standing on;</l>

                  <l n="27">By God built over the sheer depth</l>

                  <l n="28" indent="1"> The which is Space begun;</l>

                  <l n="29">So high, that looking downward thence</l>

                  <l n="30" indent="1"> She scarce could see the sun.</l>
               </lg>

               <lg n="6" type="sexain">
                  <l n="31">It lies in Heaven, across the flood</l>

                  <l n="32" indent="1"> Of ether, as a bridge.</l>

                  <l n="33">Beneath, the tides of day and night</l>

                  <l n="34" indent="1"> With flame and darkness ridge</l>

                  <l n="35">The void, as low as where this earth</l>

                  <l n="36" indent="1"> Spins like a fretful midge.</l>
               </lg>

               <lg n="7" type="sexain">
                  <l n="37">She scarcely heard her sweet new friends;</l>

                  <l n="38" indent="1"> Amid their loving games</l>

                  <l n="39">Softly they spake among themselves</l>

                  <l n="40" indent="1"> Their virginal chaste names;
<epage/>
                     <page n="3" image="a.1-1870.penkb.3.tif" width="1024" height="765"/>
                  </l>

                  <l n="41">And the souls mounting up to God,</l>

                  <l n="42" indent="1"> Went by her like thin flames.</l>
               </lg>

               <lg n="8" type="sexain">
                  <l n="43">And still she bowed above the vast</l>

                  <l n="44" indent="1"> Waste sea of worlds that swarm;</l>

                  <l n="45">Until her bosom must have made</l>

                  <l n="46" indent="1"> The bar she leaned on warm,</l>

                  <l n="47">And the lilies lay as if asleep</l>

                  <l n="48" indent="1"> Along her bended arm.</l>
               </lg>

               <lg n="9" type="sexain">
                  <l n="49">From the fixed place of Heaven she saw</l>

                  <l n="50" indent="1"> Time like a pulse shake fierce</l>

                  <l n="51">Through all the worlds. Her gaze still strove</l>

                  <l n="52" indent="1"> Within the gulf to pierce</l>

                  <l n="53">Its path; and now she spoke as when</l>

                  <l n="54" indent="1"> The stars sang in their spheres.</l>
               </lg>

               <lg n="10" type="sexain">
                  <l n="55">The sun was gone now; the curled moon</l>

                  <l n="56" indent="1"> Was like a little feather</l>

                  <l n="57">Fluttering far down the gulf; and now</l>

                  <l n="58" indent="1"> She spoke through the still weather.</l>

                  <l n="59">Her voice was like the voice the stars</l>

                  <l n="60" indent="1"> Had when they sang together.</l>
               </lg>

               <lg n="11" type="sexain" r="12">
                  <l n="61" r="67">&#8216;I wish that he were come to me,</l>

                  <l n="62" indent="1" r="68"> For he will come,&#8217; she said.</l>

                  <l n="63" r="69">&#8216;Have I not prayed in Heaven?&#8212;on earth,</l>

                  <l n="64" indent="1" r="70"> Lord, Lord, has he not pray'd?</l>

                  <l n="65" r="71">Are not two prayers a perfect strength?</l>

                  <l n="66" indent="1" r="72"> And shall I feel afraid?</l>
               </lg>

               <epage/>
               <page n="4" image="a.1-1870.penkb.5.tif" width="1280" height="956"/>
               <lg n="12" type="sexain" r="13">
                  <l n="67" r="73">&#8216;When round his head the aureole clings,</l>

                  <l n="68" indent="1" r="74"> And he is clothed in white,</l>

                  <l n="69" r="75">I'll take his hand and go with him</l>

                  <l n="70" indent="1" r="76"> To the deep wells of light<del>,</del><add>;</add>
                  </l>

                  <l n="71" r="77">
                     <del>And w</del><add>W</add>e will step down as to a stream,</l>

                  <l n="72" indent="1" r="78"> And bathe there in God's sight.</l>
               </lg>

               <lg n="13" type="sexain" r="14">
                  <l n="73" r="79">&#8216;We two will stand beside that shrine,</l>

                  <l n="74" indent="1" r="80"> Occult, withheld, untrod,</l>

                  <l n="75" r="81">Whose lamps are stirred continually</l>

                  <l n="76" indent="1" r="82"> With prayer sent up to God;</l>

                  <l n="77" r="83">And see our old prayers, granted, melt</l>

                  <l n="78" indent="1" r="84"> Each like a little cloud.</l>
               </lg>

               <lg n="14" type="sexain" r="15">
                  <l n="79" r="85">&#8216;We two will lie i' the shadow of</l>

                  <l n="80" indent="1" r="86"> That living mystic tree<del>,</del>
                  </l>

                  <l n="81" r="87">Within whose secret growth the Dove</l>

                  <l n="82" indent="1" r="88"> Is sometimes felt to be,</l>

                  <l n="83" r="89">While every leaf that His plumes touch</l>

                  <l n="84" indent="1" r="90"> Saith His name audibly.</l>
               </lg>

               <lg n="15" type="sexain" r="16">
                  <l n="85" r="91">&#8216;And I myself will teach to him,</l>

                  <l n="86" indent="1" r="92"> I myself, lying so,</l>

                  <l n="87" r="93">The songs I sing here; which his voice</l>

                  <l n="88" indent="1" r="94"> Shall pause in, hushed and slow,</l>

                  <l n="89" r="95">And find some knowledge at each pause,</l>

                  <l n="90" indent="1" r="96"> Or some new thing to know.&#8217;</l>
               </lg>

               <lg n="16" type="sexain" r="11">
                  <l n="91" r="61">(<hi rend="i">Ah sweet! Just now, in that bird's song,</hi>
                  </l>

                  <l n="92" indent="1" r="62"> 
                     <hi rend="i">Strove not her accents there,</hi>
                  </l>
                  <epage/>
                  <page n="5" image="a.1-1870.penkb.5.tif" width="1280" height="956"/> 
                  <msadds type="prtrdir">
                     <trans>Stet</trans>

                     <desc>Direction to retain the original reading of line 103</desc>
                  </msadds>



                  <l n="93" r="63">
                     <hi rend="i">Fain to be hearken<del>'</del><add>e</add>d? When those bells</hi>
                  </l>

                  <l n="94" indent="1" r="64"> 
                     <hi rend="i">Possessed the midday air,</hi>
                  </l>

                  <l n="95" r="65">
                     <hi rend="i">Was she not stepping to my side</hi>
                  </l>

                  <l n="96" indent="1" r="66"> 
                     <hi rend="i">Down all the trembling stair?</hi>)</l>
               </lg>

               <lg n="17" type="sexain" r="18">
                  <l n="97" r="103">&#8216;We two,&#8217; she said, &#8216;will seek the groves</l>

                  <l n="98" indent="1" r="104"> Where the lady Mary is,</l>

                  <l n="99" r="105">With her five handmaidens, whose names</l>

                  <l n="100" indent="1" r="106"> Are five sweet symphonies,</l>

                  <l n="101" r="107">Cecily, Gertrude, Magdalen,</l>

                  <l n="102" indent="1" r="108"> Margaret and Rosalys.</l>
               </lg>

               <lg n="18" type="sexain" r="19">
                  <l n="103" r="109">&#8216;<del>They sit in circles,</del> <add>Circlewise sit they,</add>add>  with bound locks</l>

                  <l n="104" indent="1" r="110"> And foreheads garlanded;</l>

                  <l n="105" r="111">Into the fine cloth white like flame</l>

                  <l n="106" indent="1" r="112"> Weaving the golden thread,</l>

                  <l n="107" r="113">To fashion the birth-robes for them</l>

                  <l n="108" indent="1" r="114"> Who are just born, being dead.</l>
               </lg>

               <lg n="19" type="sexain" r="20">
                  <l n="109" r="115">&#8216;He shall fear, haply, and be dumb:</l>

                  <l n="110" indent="1" r="116"> Then will I lay my cheek</l>

                  <l n="111" r="117">To his, and tell about our love,</l>

                  <l n="112" indent="1" r="118"> Not once abashed or weak:</l>

                  <l n="113" r="119">And the dear Mother will approve</l>

                  <l n="114" indent="1" r="120"> My pride, and let me speak.</l>
               </lg>

               <lg n="20" type="sexain" r="21">
                  <l n="115" r="121">&#8216;Herself shall bring us, hand in hand,</l>

                  <l n="116" indent="1" r="122"> To Him round whom all souls</l>

                  <l n="117" r="123">Kneel, the clear-ranged unnumbered heads</l>

                  <l n="118" indent="1" r="124"> Bowed with their aureoles:
<epage/>
                     <page n="6" image="a.1-1870.penkb.7.tif" width="1280" height="956"/>
                  </l>

                  <l n="119" r="125">And angels meeting us shall sing</l>

                  <l n="120" indent="1" r="126"> To their citherns and citoles.</l>
               </lg>

               <lg n="21" type="sexain" r="22">
                  <l n="121" r="127">&#8216;There will I ask of Christ the Lord</l>

                  <l n="122" indent="1" r="128"> Thus much for him and me:&#8212;</l>

                  <l n="123" r="129">Only to live as once on earth</l>

                  <l n="124" indent="1" r="130"> With Love,&#8212;only to be<add>,</add>
                  </l>

                  <l n="125" r="131">As then awhile, for ever now</l>

                  <l n="126" indent="1" r="132"> Together, I and he.&#8217;</l>
               </lg>

               <lg n="22" type="sexain" r="23">
                  <l n="127" r="133">She gazed and listened and then said,</l>

                  <l n="128" indent="1" r="134"> Less sad of speech than mild,&#8212;</l>

                  <l n="129" r="135">&#8216;All this is when he comes.&#8217; She ceased.</l>

                  <l n="130" indent="1" r="136"> The light thrilled towards her, fill<del>e</del><add>'</add>d</l>

                  <l n="131" r="137">With angels in strong level flight.</l>

                  <l n="132" indent="1" r="138"> Her eyes prayed, and she smil'd.</l>
               </lg>

               <lg n="23" type="sexain" r="24">
                  <l n="133" r="139">(<hi rend="i">I saw her smile.</hi>) But soon their <del>course</del> <add>path</add>
                  </l>

                  <l n="134" indent="1" r="140"> Was vague in distant spheres:</l>

                  <l n="135" r="141">And then she cast her arms along</l>

                  <l n="136" indent="1" r="142"> The golden barriers,</l>

                  <l n="137" r="143">And laid her face between her hands,</l>

                  <l n="138" indent="1" r="144"> And wept. (<hi rend="i">I heard her tears.</hi>)</l>
               </lg>
            </div1>
            <div1 n="" type=""/>
            <div1 n="" type=""/>
            <div1 n="" type=""/>
            <div1 n="" type=""/>
            <div1 n="" type=""/>
            <div1 n="" type=""/>
            <div1 n="" type=""/>
            <div1 n="" type=""/>
            <div1 n="" type=""/>
            <div1 n="" type=""/>
            <div1 n="" type=""/>
            <div1 n="" type=""/>
            <div1 n="" type=""/>
            <div1 n="" type=""/>
            <div1 n="" type=""/>
            <div1 n="" type=""/>
            <div1 n="" type=""/>
            <div1 n="" type=""/>
            <div1 n="" type=""/>
            <div1 n="" type=""/>
            <div1 n="" type=""/>
            <div1 n="" type=""/>
            <div1 n="" type=""/>
            <div1 n="" type=""/>
            <div1 n="" type=""/>
            <div1 n="" type=""/>
            <div1 n="" type=""/>
            <div1 n="" type=""/>
            <div1 n="" type=""/>
         </div0>
         <div0 n="" type="">
            <div1 n="" type="">
               <div2 n="" type=""/>
               <div2 n="" type=""/>
               <div2 n="" type=""/>
               <div2 n="" type=""/>
            </div1>
            <div1 n="" type=""/>
            <div1 n="" type=""/>
            <div1 n="" type=""/>
            <div1 n="" type=""/>
            <div1 n="" type=""/>
            <div1 n="" type=""/>
            <div1 n="" type=""/>
            <div1 n="" type=""/>
            <div1 n="" type=""/>
            <div1 n="" type=""/>
            <div1 n="" type=""/>
            <div1 n="" type=""/>
            <div1 n="" type=""/>
            <div1 n="" type=""/>
            <div1 n="" type=""/>
            <div1 n="" type=""/>
            <div1 n="" type=""/>
            <div1 n="" type=""/>
            <div1 n="" type="">
               <div2 n="" type=""/>
               <div2 n="" type=""/>
               <div2 n="" type=""/>
            </div1>
            <div1 n="" type=""/>
            <div1 n="" type=""/>
            <div1 n="" type=""/>
            <div1 n="" type=""/>
            <div1 n="" type=""/>
            <div1 n="" type=""/>
            <div1 n="" type="">
               <div2 n="" type=""/>
               <div2 n="" type=""/>
            </div1>
         </div0>
         <div0 n="" type="">
            <div1 n="" type=""/>
            <div1 n="" type=""/>
            <div1 n="" type=""/>
            <div1 n="" type="">
               <div2 n="" type=""/>
               <div2 n="" type=""/>
            </div1>
            <div1 n="" type=""/>
            <div1 n="" type=""/>
            <div1 n="" type=""/>
            <div1 n="" type=""/>
            <div1 n="" type=""/>
            <div1 n="" type=""/>
            <div1 n="" type=""/>
            <div1 n="" type=""/>
            <div1 n="" type=""/>
            <div1 n="" type=""/>
            <div1 n="" type=""/>
         </div0>
         <div0 n="" type="">
            <div1 n="" type=""/>
         </div0>
      </body>

      <back>
         <div0 n="" type=""/>
      </back>
   </text>
</ram>
