<?xml version="1.0" encoding="iso-8859-1"?>
<ram archivetype="rad" type="ms.faircopy" id="a.1-1847.morgms" image="" metatype="web.manuscript" workcode="1-1847.s244" version="morgms" subset="" dblwork="1-1847.s244" rltdobject="" photodup="">
   <ramheader>
      <filedesc>
         <titlestmt>
            <title>The Blessed Damozel (fair copy manuscript)</title>

            <author>Dante Gabriel Rossetti</author>


            <respstmt>
               <resp>Editor:</resp>
               <name>Jerome McGann</name>
               <resp>Project Manager (2000-):</resp>
               <name>William J. Hughes</name>
               <resp>Design Editor (1997-):</resp>
               <name>Bethany Paige Nowviskie</name>
               <resp>Senior Research Assistant (1999-):</resp>
               <name>Maura Tarnoff</name>
               <resp>Senior Research Assistant (2000-):</resp>
               <name>Craig Warren</name>
               <resp>Research Assistant (2002-):</resp>
               <name>Monica McTighe</name>
               <resp>Research Assistant (2001-):</resp>
               <name>Charles Sligh</name>
               <resp>Research Assistant (2002-):</resp>
               <name>Rivka Swenson</name>
               <resp>Research Assistant (2002-):</resp>
               <name>Melissa White</name>
               <resp>Project Manager (1995-2000):</resp>
               <name>Melissa Smith Kennedy</name>
               <resp>Project Manager (1994-1997):</resp>
               <name>Amy Sexton</name>
               <resp>Research Assistant (2001-2002):</resp>
               <name>Andrea Bobotis</name>
               <resp>Research Assistant (1998):</resp>
               <name>Eric T. Caldwell</name>
               <resp>Research Assistant (1997):</resp>
               <name>Michele Ierardi Ferrari</name>
               <resp>Research Assistant (1998-1999):</resp>
               <name>Amanda French</name>
               <resp>Research Assistant (1996-1997):</resp>
               <name>Stephen Holcombe</name>
               <resp>Research Assistant (1994-1996):</resp>
               <name>Daniel Reiss</name>
               <resp>Research Assistant (1999-2002):</resp>
               <name>Damian Rollison</name>
               <resp>Research Assistant (1994-1995):</resp>
               <name>Heather Seagroatt</name>
               <resp>Research Assistant (1998-1999):</resp>
               <name>Melanie S. Seibert</name>
               <resp>Research Assistant (1996-1997):</resp>
               <name>Andrew Stauffer</name>
               <resp>Research Assistant (2000-2001):</resp>
               <name>Christina Svendsen</name>
               <resp>Systems Analyst (1993-1999):</resp>
               <name>Oloduton Akinola</name>
               <resp>Programmer/Analyst (1997-):</resp>
               <name>Robbie Bingler</name>
               <resp>Programmer/Analyst (2000-2002):</resp>
               <name>Kirk Hastings</name>
               <resp>Programmer/Analyst (1999-):</resp>
               <name>Stephen Ramsay</name>
               <resp>Programmer/Analyst (1998-1999):</resp>
               <name>Susan Munson</name>
               <resp>Senior Programmer/Analyst (1995-1997):</resp>
               <name>Susan Gants</name>
               <resp>Consultant (1999):</resp>
               <name>David Cosca</name>
               <resp>Consultant (1997-):</resp>
               <name>Chris Jesse</name>
               <resp>Consultant (1999-):</resp>
               <name>Michelle Kraft</name>
               <resp>Consultant (1998-):</resp>
               <name>Daniel Pitti</name>
               <resp>Consultant (1992-1994):</resp>
               <name>John Price-Wilkin</name>
               <resp>Consultant (1992-1996):</resp>
               <name>Thornton Staples</name>
               <resp>Consultant (1993-):</resp>
               <name>John Unsworth</name>
            </respstmt>
            <patrons>
               <sponsor>Institute for Advanced Technology in the Humanities, University of Virginia</sponsor>
               <funder>Funded in part by an equipment grant from International Business Machines Corporation</funder>
               <funder>Funded in part by research support grants from the University of Virginia</funder>
               <funder>Funded in part by the University of Michigan Press</funder>
               <funder>Funded in part by a grant from the J. Paul Getty Trust</funder>
            </patrons>
         </titlestmt>

         <editionstmt>
            <edition>1</edition>

            <copyright>Digital images courtesy of Pierpont Morgan Library, New York.</copyright>
         </editionstmt>

         <extent/>
         <publicationstmt>
            <p>Published by the Institute for Advanced Technology in the Humanities, University of Virginia</p>
         </publicationstmt>
         <seriesstmt>
            <title>ARCHIVE OF THE COMPLETE WORKS OF DANTE GABRIEL ROSSETTI:</title>
            <respstmt>
               <resp>Editor:</resp>
               <name>Jerome McGann</name>
               <resp>Project Manager (2000-):</resp>
               <name>William J. Hughes</name>
               <resp>Design Editor (1997-):</resp>
               <name>Bethany Paige Nowviskie</name>
               <resp>Senior Research Assistant (1999-):</resp>
               <name>Maura Tarnoff</name>
               <resp>Senior Research Assistant (2000-):</resp>
               <name>Craig Warren</name>
               <resp>Research Assistant (2002-):</resp>
               <name>Monica McTighe</name>
               <resp>Research Assistant (2001-):</resp>
               <name>Charles Sligh</name>
               <resp>Research Assistant (2002-):</resp>
               <name>Rivka Swenson</name>
               <resp>Research Assistant (2002-):</resp>
               <name>Melissa White</name>
               <resp>Project Manager (1995-2000):</resp>
               <name>Melissa Smith Kennedy</name>
               <resp>Project Manager (1994-1997):</resp>
               <name>Amy Sexton</name>
               <resp>Research Assistant (2001-2002):</resp>
               <name>Andrea Bobotis</name>
               <resp>Research Assistant (1998):</resp>
               <name>Eric T. Caldwell</name>
               <resp>Research Assistant (1997):</resp>
               <name>Michele Ierardi Ferrari</name>
               <resp>Research Assistant (1998-1999):</resp>
               <name>Amanda French</name>
               <resp>Research Assistant (1996-1997):</resp>
               <name>Stephen Holcombe</name>
               <resp>Research Assistant (1994-1996):</resp>
               <name>Daniel Reiss</name>
               <resp>Research Assistant (1999-2002):</resp>
               <name>Damian Rollison</name>
               <resp>Research Assistant (1994-1995):</resp>
               <name>Heather Seagroatt</name>
               <resp>Research Assistant (1998-1999):</resp>
               <name>Melanie S. Seibert</name>
               <resp>Research Assistant (1996-1997):</resp>
               <name>Andrew Stauffer</name>
               <resp>Research Assistant (2000-2001):</resp>
               <name>Christina Svendsen</name>
               <resp>Systems Analyst (1993-1999):</resp>
               <name>Oloduton Akinola</name>
               <resp>Programmer/Analyst (1997-):</resp>
               <name>Robbie Bingler</name>
               <resp>Programmer/Analyst (2000-2002):</resp>
               <name>Kirk Hastings</name>
               <resp>Programmer/Analyst (1999-):</resp>
               <name>Stephen Ramsay</name>
               <resp>Programmer/Analyst (1998-1999):</resp>
               <name>Susan Munson</name>
               <resp>Senior Programmer/Analyst (1995-1997):</resp>
               <name>Susan Gants</name>
               <resp>Consultant (1999):</resp>
               <name>David Cosca</name>
               <resp>Consultant (1997-):</resp>
               <name>Chris Jesse</name>
               <resp>Consultant (1999-):</resp>
               <name>Michelle Kraft</name>
               <resp>Consultant (1998-):</resp>
               <name>Daniel Pitti</name>
               <resp>Consultant (1992-1994):</resp>
               <name>John Price-Wilkin</name>
               <resp>Consultant (1992-1996):</resp>
               <name>Thornton Staples</name>
               <resp>Consultant (1993-):</resp>
               <name>John Unsworth</name>
            </respstmt>
         </seriesstmt>



         <notesstmt> </notesstmt>

         <sourcedesc>
            <citnstruct>
               <title>The Blessed Damsel</title>

               <author>Dante Gabriel Rossetti</author>

               <msprod>
                  <date>1855 September</date>

                  <type>fair copy</type>

                  <assign/>

                  <collation/>

                  <note/>
               </msprod>

               <scribe>DGR</scribe>

               <corrector/>

               <provenance>
                  <location>Pierpont Morgan Library</location>

                  <recnum/>

                  <note>The MS came to the library with the collection of
the Marchesa Peruzzi de Medici of Florence, in 1927. The Marchesa's
family and the Brownings were good friends from 1848.</note>
               </provenance>

               <physicaldesc>
                  <binding>
                     <cover/>

                     <endpapers/>
                  </binding>

                  <paper/>

                  <watermark/>

                  <note>The MS is a single sheet, 12 15/16 x 7 15/16in, copied fair,
with the text written in two parallel columns. The text covers one side entirely;
the reverse is blank.</note>
               </physicaldesc>
            </citnstruct>
         </sourcedesc>
      </filedesc>

      <encodingdesc/>

      <profiledesc>
         <commentaries>
            <head>Commentary</head>

            <section type="intro">
               <head>Introduction</head>

               <p>This is the only complete holograph MS of the poem. It was copied
out by Rossetti and given to Elizabeth Barrett and Robert Browning in 1855 as
a present. At the end of September 1855 DGR wrote to Elizabeth Barrett Browning:
&#8220;<quote>I copied out that old production of mine, &amp; now enclose it. It has gained
some value in my eyes since Mr. Browning quoted two lines of it. It was written
long ago, <hi rend="i">but has been very little altered since except by
omissions</hi>
                  </quote>&#8221; LettersDW I. 273).</p>
            </section>

            <section type="texthistcomp">
               <head>Textual History: Composition</head>

               <p>As Peterson has shown, the Morgan MS has a number of erasures strongly
suggesting that DGR was making this copy from a working manuscript for the
1856 <hi rend="i">
                     <title level="per">
                        <xref doc="a.ap4.o93.1.rad" workcode="1-1847.s244">Oxford and Cambridge Magazine</xref>
                     </title>
                  </hi> text. The latter's first number appeared on 1 January 1856.</p>
            </section>

            <section type="texthistrev">
               <head>Textual History: Revision</head>

               <p>The MS has no revisions as such, being a fair copy.
But it has a number of important erasures give insight into 
the copy text from which the Morgan MS was made. Furthermore, unique
variants (see lines 9, 27, 61, 83, 110) as well as various other readings that
correspond to the 1856 text (rather than the 1850), are certainly
true revised readings. Peterson (415) also points out that in making
this text DGR carefully turned all the &#8220;<quote>gold</quote>&#8221;
references to a &#8220;<quote>silver</quote>&#8221; quality (see lines 2, 66, 142).</p>
            </section>

            <section type="prodhist">
               <head>Production History</head>

               <p>The MS was reproduced in facsimile and in a printed version as well
in <xref doc="a.pr5244.b4.rad" workcode="1-1847.s244">BaumBD</xref>.</p>
            </section>

 
         </commentaries>
      </profiledesc>

      <revisiondesc/>
   </ramheader>
   <text>
      <body>
         <div0 type="ballad" n="1" title="The Blessed Damozel." id="a.1-1847.i1" workcode="1-1847.s244" dblwork="1-1847.s244">
            <divheader>
               <title>The Blessed Damsel.</title>
            </divheader>

            <lg n="1" type="sexain">
               <l n="1">The blessed damsel leaned against</l>

               <l n="2" indent="1"> The silver bar of Heaven.</l>

               <l n="3">Her eyes knew more of rest and shade</l>

               <l n="4" indent="1"> Than a deep water, even&#8211;</l>

               <l n="5">She had three lilies in her hand</l>

               <l n="6" indent="1"> And the stars in her hair were seven.</l>
            </lg>

            <lg n="2" type="sexain">
               <l n="7">Her robe, ungirt from clasp to hem,</l>

               <l n="8" indent="1"> No wrought flowers did adorn,</l>

               <l n="9">But a white robe of Mary's gift</l>

               <l n="10" indent="1"> For service meetly worn;</l>

               <l n="11">And her hair lying down her back</l>

               <l n="12" indent="1"> Was yellow like ripe corn.</l>
            </lg>

            <lg n="3" type="sexain">
               <l n="13">Herseemed she scarce had been a day</l>

               <l n="14" indent="1"> One of God's choristers;</l>

               <l n="15">The wonder was not yet quite gone</l>

               <l n="16" indent="1"> From that still look of hers;</l>

               <l n="17">Albeit to them she left, her day</l>

               <l n="18" indent="1"> Had counted as ten years.</l>
            </lg>

            <lg n="4" type="sexain">
               <l n="19">(To <hi rend="u">one</hi> it is ten years of years.</l>

               <l n="20" indent="1"> . . . . . Yet now, and in This place,</l>

               <l n="21">Surely she leaned o'er me&#8212;her hair</l>

               <l n="22" indent="1"> Fell all about my face.</l>

               <l n="23">Nothing: the autumn fall of leaves:</l>

               <l n="24" indent="1"> The whole year sets apace.)</l>
            </lg>

            <lg n="5" type="sexain">
               <l n="25">It was the rampart of God's house</l>

               <l n="26" indent="1"> That she was standing on;</l>

               <l n="27">By God built over That sheer depth</l>

               <l n="28" indent="1"> The which is Space begun;</l>

               <l n="29">So high, that looking downward thence,</l>

               <l n="30" indent="1"> She scarce could see The Sun.</l>
            </lg>

            <lg n="6" type="sexain" r="7">
               <l n="31" r="37">Heard hardly, some of her new friends,</l>

               <l n="32" indent="1" r="38"> Playing at holy games,</l>

               <l n="33" r="39">Spake gentle-mouthed among themselves</l>

               <l n="34" indent="1" r="40"> Their virginal chaste names;</l>

               <l n="35" r="41">And the souls mounting up to God</l>

               <l n="36" indent="1" r="42"> Went by her like thin flames.</l>
            </lg>

            <lg n="7" type="sexain" r="8">
               <l n="37" r="43">And still she bowed herself &amp; stooped</l>

               <l n="38" indent="1" r="44"> Into the vast waste calm,</l>

               <l n="39" r="45">Till her bosom's pressure must have made</l>

               <l n="40" indent="1" r="46"> The bar she leaned on warm,</l>

               <l n="41" r="47">And the lilies lay as if asleep</l>

               <l n="42" indent="1" r="48"> Along her bended arm.</l>
            </lg>

            <lg n="8" type="sexain" r="9">
               <l n="43" r="49">From the fixt lull of Heaven, she saw</l>

               <l n="44" indent="1" r="50"> Time like a pulse shake fierce</l>

               <l n="45" r="51">Through all the worlds. Her gaze still strove</l>

               <l n="46" indent="1" r="52"> Within that gulf to pierce</l>

               <l n="47" r="53">The swarm; and then she spake, as when</l>

               <l n="48" indent="1" r="54"> The stars sang in their spheres.</l>
            </lg>

            <lg n="9" type="sexain" r="12">
               <l n="49" r="67">&#8220;I wish that he were come to me,</l>

               <l n="50" indent="1" r="68"> For he will come,&#8221; she said.</l>

               <l n="51" r="69">&#8220;Have I not prayed in Heaven?&#8212; on earth,</l>

               <l n="52" indent="1" r="70"> Lord, Lord, has he not prayed?</l>

               <l n="53" r="71">Are not two prayers a perfect strength?</l>

               <l n="54" indent="1" r="72"> And shall I feel afraid?</l>
            </lg>

            <lg n="10" type="sexain" r="13">
               <l n="55" r="73">&#8220;When round his head the aureole clings</l>

               <l n="56" indent="1" r="74"> And he is clothed in white,</l>

               <l n="57" r="75">I'll take his hand and go with him</l>

               <l n="58" indent="1" r="76"> To the deep wells of light,</l>

               <l n="59" r="77">And we will step down as to a stream</l>

               <l n="60" indent="1" r="78"> And bathe there in God's sight.</l>
            </lg>

            <lg n="11" type="sexain" r="14">
               <l n="61" r="79">&#8220;We two will stand beside that shrine,</l>

               <l n="62" indent="1" r="80"> Occult, withheld, untrod,</l>

               <l n="63" r="81">Whose lamps are stirred continually</l>

               <l n="64" indent="1" r="82"> With prayers sent up to God;</l>

               <l n="65" r="83">And see our own prayers granted, melt</l>

               <l n="66" indent="1" r="84"> Each like a little cloud.</l>
            </lg>

            <lg n="12" type="sexain" r="15">
               <l n="67" r="85">&#8220;We two will lie i' the shadow of</l>

               <l n="68" indent="1" r="86"> That living mystic tree</l>

               <l n="69" r="87">Within whose secret growth the Dove</l>

               <l n="70" indent="1" r="88"> Is sometimes felt to be,</l>

               <l n="71" r="89">While every leaf that His plumes touch</l>

               <l n="72" indent="1" r="90"> Saith His name audibly.</l>
            </lg>

            <lg n="13" type="sexain" r="16">
               <l n="73" r="91">&#8220;And I myself will teach to him&#8212;</l>

               <l n="74" indent="1" r="92"> I myself, lying so,&#8212;</l>

               <l n="75" r="93">The songs I sing here, which his voice</l>

               <l n="76" indent="1" r="94"> Shall pause in, hushed &amp; slow,</l>

               <l n="77" r="95">And find some knowledge at each pause,</l>

               <l n="78" indent="1" r="96"> Or some new thing to know.&#8221;</l>
            </lg>

            <lg n="14" type="sexain" r="11">
               <l n="79" r="61">(Alas! just now, in that bird's song,</l>

               <l n="80" indent="1" r="62"> Strove not her accents there</l>

               <l n="81" r="63">Fain to be hearkened? When those bells</l>

               <l n="82" indent="1" r="64"> Possessed the midday air,</l>

               <l n="83" r="65">Was she not stepping to my side</l>

               <l n="84" indent="1" r="66"> Upon a silver stair?)</l>
            </lg>

            <lg n="15" type="sexain" r="18">
               <l n="85" r="103">&#8220;We two,&#8221; she said, &#8220;will seek the groves</l>

               <l n="86" indent="1" r="104"> Where the lady Mary is,</l>

               <l n="87" r="105">With her five handmaidens whose names</l>

               <l n="88" indent="1" r="106"> Are five sweet symphonies;&#8212;</l>

               <l n="89" r="107">Cecily, Gertrude, Magdalen,</l>

               <l n="90" indent="1" r="108"> Margaret and Rosalys:</l>
            </lg>

            <lg n="16" type="sexain" r="19">
               <l n="91" r="109">&#8220;They sit in circle, with bound locks</l>

               <l n="92" indent="1" r="110"> And brows engarlanded;</l>

               <l n="93" r="111">Into the fine cloth white like flame</l>

               <l n="94" indent="1" r="112"> Weaving the golden thread</l>

               <l n="95" r="113">To fashion the birth-robes for them</l>

               <l n="96" indent="1" r="114"> Who are just born, being dead.</l>
            </lg>

            <lg n="17" type="sexain" r="21">
               <l n="97" r="121">&#8220;Herself shall bring us hand in hand</l>

               <l n="98" indent="1" r="122"> To Him round whom all souls</l>

               <l n="99" r="123">Kneel,the unnumbered ransomed heads</l>

               <l n="100" indent="1" r="124"> Bowed with their aureoles;</l>

               <l n="101" r="125">And Angels meeting us shall sing</l>

               <l n="102" indent="1" r="126"> To their citherns and citoles.</l>
            </lg>

            <lg n="18" type="sexain" r="22">
               <l n="103" r="127">&#8220;There will I ask of Christ the Lord</l>
               
               <l n="104" indent="1" r="128"> Thus much for him and me:</l>

               <l n="105" r="129">Only to live a<del>t</del><add>s</add> once on earth</l>

               <l n="106" indent="1" r="130"> At peace, &#8212; only to be</l>

               <l n="107" r="131">As then awhile, for ever now</l>

               <l n="108" indent="1" r="132"> Together, I and he.&#8221;</l>
            </lg>

            <lg n="19" type="sexain" r="23">
               <l n="109" r="133">She gazed and listened, and then said,</l>

               <l n="110" indent="1" r="134"> Less sad of speech Than mild:</l>

               <l n="111" r="135">&#8220;All this is when he comes.&#8221; She ceased:</l>

               <l n="112" indent="1" r="136"> The light thrilled past her, filled</l>

               <l n="113" r="137">With Angels in strong level lapse.</l>

               <l n="114" indent="1" r="138"> Her eyes prayed, and she smiled.</l>
            </lg>

            <lg n="20" type="sexain" r="24">
               <l n="115" r="139">(I saw her smile.) But soon their flight</l>

               <l n="116" indent="1" r="140"> Was vague in distant spheres.</l>

               <l n="117" r="141">And then she laid her arms along</l>

               <l n="118" indent="1" r="142"> The shining barriers,</l>

               <l n="119" r="143">And laid her face between her hands,</l>

               <l n="120" indent="1" r="144"> And wept. (I heard her tears.)</l>
            </lg>

            <closer>
               <signed>&#8212;&#8212;<hi rend="c">D. G. R.</hi>
               </signed> 
               <date>1847</date>
            </closer>
         </div0>
      </body>
   </text>
</ram>
