<?xml version="1.0" encoding="iso-8859-1"?>
<ram archivetype="rad" type="serial" id="a.ap4.o93.1" image="" metatype="web.serial" workcode="apr.o93" version="" subset="1" dblwork="" rltdobject="" photodup="">
   <ramheader>
      <filedesc>
         <titlestmt>
            <title>The Oxford and Cambridge Magazine</title>

            <author>Bell and Daldy (publisher)</author>


            <respstmt>
               <resp>Editor:</resp>
               <name>Jerome McGann</name>
               <resp>Project Manager (2000-):</resp>
               <name>William J. Hughes</name>
               <resp>Design Editor (1997-):</resp>
               <name>Bethany Paige Nowviskie</name>
               <resp>Senior Research Assistant (1999-):</resp>
               <name>Maura Tarnoff</name>
               <resp>Senior Research Assistant (2000-):</resp>
               <name>Craig Warren</name>
               <resp>Research Assistant (2002-):</resp>
               <name>Monica McTighe</name>
               <resp>Research Assistant (2001-):</resp>
               <name>Charles Sligh</name>
               <resp>Research Assistant (2002-):</resp>
               <name>Rivka Swenson</name>
               <resp>Research Assistant (2002-):</resp>
               <name>Melissa White</name>
               <resp>Project Manager (1995-2000):</resp>
               <name>Melissa Smith Kennedy</name>
               <resp>Project Manager (1994-1997):</resp>
               <name>Amy Sexton</name>
               <resp>Research Assistant (2001-2002):</resp>
               <name>Andrea Bobotis</name>
               <resp>Research Assistant (1998):</resp>
               <name>Eric T. Caldwell</name>
               <resp>Research Assistant (1997):</resp>
               <name>Michele Ierardi Ferrari</name>
               <resp>Research Assistant (1998-1999):</resp>
               <name>Amanda French</name>
               <resp>Research Assistant (1996-1997):</resp>
               <name>Stephen Holcombe</name>
               <resp>Research Assistant (1994-1996):</resp>
               <name>Daniel Reiss</name>
               <resp>Research Assistant (1999-2002):</resp>
               <name>Damian Rollison</name>
               <resp>Research Assistant (1994-1995):</resp>
               <name>Heather Seagroatt</name>
               <resp>Research Assistant (1998-1999):</resp>
               <name>Melanie S. Seibert</name>
               <resp>Research Assistant (1996-1997):</resp>
               <name>Andrew Stauffer</name>
               <resp>Research Assistant (2000-2001):</resp>
               <name>Christina Svendsen</name>
               <resp>Systems Analyst (1993-1999):</resp>
               <name>Oloduton Akinola</name>
               <resp>Programmer/Analyst (1997-):</resp>
               <name>Robbie Bingler</name>
               <resp>Programmer/Analyst (2000-2002):</resp>
               <name>Kirk Hastings</name>
               <resp>Programmer/Analyst (1999-):</resp>
               <name>Stephen Ramsay</name>
               <resp>Programmer/Analyst (1998-1999):</resp>
               <name>Susan Munson</name>
               <resp>Senior Programmer/Analyst (1995-1997):</resp>
               <name>Susan Gants</name>
               <resp>Consultant (1999):</resp>
               <name>David Cosca</name>
               <resp>Consultant (1997-):</resp>
               <name>Chris Jesse</name>
               <resp>Consultant (1999-):</resp>
               <name>Michelle Kraft</name>
               <resp>Consultant (1998-):</resp>
               <name>Daniel Pitti</name>
               <resp>Consultant (1992-1994):</resp>
               <name>John Price-Wilkin</name>
               <resp>Consultant (1992-1996):</resp>
               <name>Thornton Staples</name>
               <resp>Consultant (1993-):</resp>
               <name>John Unsworth</name>
            </respstmt>
            <patrons>
               <sponsor>Institute for Advanced Technology in the Humanities, University of Virginia</sponsor>
               <funder>Funded in part by an equipment grant from International Business Machines Corporation</funder>
               <funder>Funded in part by research support grants from the University of Virginia</funder>
               <funder>Funded in part by the University of Michigan Press</funder>
               <funder>Funded in part by a grant from the J. Paul Getty Trust</funder>
            </patrons>
         </titlestmt>

         <editionstmt>
            <edition>1</edition>

            <copyright>Digital images courtesy of University of Virginia Special Collections.</copyright>
         </editionstmt>

         <extent/>
         <publicationstmt>
            <p>Published by the Institute for Advanced Technology in the Humanities, University of Virginia</p>
         </publicationstmt>
         <seriesstmt>
            <title>ARCHIVE OF THE COMPLETE WORKS OF DANTE GABRIEL ROSSETTI:</title>
            <respstmt>
               <resp>Editor:</resp>
               <name>Jerome McGann</name>
               <resp>Project Manager (2000-):</resp>
               <name>William J. Hughes</name>
               <resp>Design Editor (1997-):</resp>
               <name>Bethany Paige Nowviskie</name>
               <resp>Senior Research Assistant (1999-):</resp>
               <name>Maura Tarnoff</name>
               <resp>Senior Research Assistant (2000-):</resp>
               <name>Craig Warren</name>
               <resp>Research Assistant (2002-):</resp>
               <name>Monica McTighe</name>
               <resp>Research Assistant (2001-):</resp>
               <name>Charles Sligh</name>
               <resp>Research Assistant (2002-):</resp>
               <name>Rivka Swenson</name>
               <resp>Research Assistant (2002-):</resp>
               <name>Melissa White</name>
               <resp>Project Manager (1995-2000):</resp>
               <name>Melissa Smith Kennedy</name>
               <resp>Project Manager (1994-1997):</resp>
               <name>Amy Sexton</name>
               <resp>Research Assistant (2001-2002):</resp>
               <name>Andrea Bobotis</name>
               <resp>Research Assistant (1998):</resp>
               <name>Eric T. Caldwell</name>
               <resp>Research Assistant (1997):</resp>
               <name>Michele Ierardi Ferrari</name>
               <resp>Research Assistant (1998-1999):</resp>
               <name>Amanda French</name>
               <resp>Research Assistant (1996-1997):</resp>
               <name>Stephen Holcombe</name>
               <resp>Research Assistant (1994-1996):</resp>
               <name>Daniel Reiss</name>
               <resp>Research Assistant (1999-2002):</resp>
               <name>Damian Rollison</name>
               <resp>Research Assistant (1994-1995):</resp>
               <name>Heather Seagroatt</name>
               <resp>Research Assistant (1998-1999):</resp>
               <name>Melanie S. Seibert</name>
               <resp>Research Assistant (1996-1997):</resp>
               <name>Andrew Stauffer</name>
               <resp>Research Assistant (2000-2001):</resp>
               <name>Christina Svendsen</name>
               <resp>Systems Analyst (1993-1999):</resp>
               <name>Oloduton Akinola</name>
               <resp>Programmer/Analyst (1997-):</resp>
               <name>Robbie Bingler</name>
               <resp>Programmer/Analyst (2000-2002):</resp>
               <name>Kirk Hastings</name>
               <resp>Programmer/Analyst (1999-):</resp>
               <name>Stephen Ramsay</name>
               <resp>Programmer/Analyst (1998-1999):</resp>
               <name>Susan Munson</name>
               <resp>Senior Programmer/Analyst (1995-1997):</resp>
               <name>Susan Gants</name>
               <resp>Consultant (1999):</resp>
               <name>David Cosca</name>
               <resp>Consultant (1997-):</resp>
               <name>Chris Jesse</name>
               <resp>Consultant (1999-):</resp>
               <name>Michelle Kraft</name>
               <resp>Consultant (1998-):</resp>
               <name>Daniel Pitti</name>
               <resp>Consultant (1992-1994):</resp>
               <name>John Price-Wilkin</name>
               <resp>Consultant (1992-1996):</resp>
               <name>Thornton Staples</name>
               <resp>Consultant (1993-):</resp>
               <name>John Unsworth</name>
            </respstmt>
         </seriesstmt>



         <notesstmt>In this electronic edition, we have omitted the pages of all
issues that do not contain material by or related to DGR. Unpaginated front
and back matter from these issues has also been omitted. The structure of this
electronic document allows for the future addition of the omitted material.

 </notesstmt>

         <sourcedesc>
            <citnstruct>
               <title>The Oxford and Cambridge Magazine</title>

               <author/>

               <imprint> 
                  <publisher>Bell and Daldy</publisher>
 
                  <printer>Chiswick Press</printer>
 
                  <city>London</city>
 
                  <date>1856</date>
 
                  <edition>1</edition>
 
                  <pagination/>
 
                  <issue>1</issue>
 
                  <authorization/>
 
                  <collation/>
 
                  <note/>
 
               </imprint>

               <scribe/>

               <corrector/>

               <provenance>
                  <location>Alderman Library, U. of Virginia</location>

                  <recnum>ap4.o93</recnum>

                  <note/>
               </provenance>

               <physicaldesc>
                  <binding>
                     <cover>green paper</cover>

                     <endpapers/>
                  </binding>

                  <typography>
                     <typeface>
                        <point>6</point>

                        <font>caslon</font>
                     </typeface>

                     <pagelines>
                        <number>52</number>

                        <length/>
                     </pagelines>

                     <columns>2</columns>

                     <margin type="top">1.4 cm</margin>

                     <margin type="bottom">2.1 cm</margin>

                     <margin type="right">1.9 cm</margin>

                     <margin type="left">1.7 cm</margin>
                  </typography>

                  <paper/>

                  <watermark/>

                  <size>21.7x14cm</size>

                  <note/>
               </physicaldesc>
            </citnstruct>
         </sourcedesc>
      </filedesc>

      <encodingdesc> </encodingdesc>

      <profiledesc>
         <commentaries>
            <head>Commentary</head>

            <section type="intro">
               <head>Introduction</head>

               <p>This magazine, like <title level="per">
                     <xref doc="a.ap4.g415.raw">The Germ</xref>
                  </title> earlier, was launched
as a programmatic effort to reform the taste of the times in art and
culture. It was consciously founded to promote the ideas of the
Pre-Raphaelite movement, and especially the ideas of DGR, whose
work William Morris and Edward Burne-Jones much admired. Besides 
Morris, Burne-Jones, and the editor Fulford, other founders included
Cormell Price and Wilfred Healey. It ran for a year&#8212;twelve issues,
one each month&#8212;from January to December 1856 and was financed by William
Morris. The price per issue was 1s. DGR printed three poems in the
magazine, anonymously: <title level="wrk">The Burden of Nineveh</title>
(August), a revised text of <title level="wrk">The Blessed
Damozel</title> (November), and <title level="wrk">The Staff and
the Scrip</title> (December).</p>
            </section>

            <section type="texthistcomp">
               <head>Textual History: Composition</head>

               <p/>
            </section>

            <section type="texthistrev">
               <head>Textual History: Revision</head>

               <p/>
            </section>

            <section type="printhist">
               <head>Printing History</head>

               <p>The fact that the journal was printed at the
Chiswick Press is important. Morris and his friends would have had to
seek out such a printer; Chiswick was about the only press in England at
that time with ideas about book and type design that were based in sound
aesthetic principles.</p>
            </section>

            <section type="pictorial">
               <head>Pictorial</head>

               <p/>
            </section>

            <section type="historical">
               <head>Historical</head>

               <p/>
            </section>

            <section type="literary">
               <head>Literary</head>

               <p/>
            </section>

            <section type="translation">
               <head>Translation</head>

               <p/>
            </section>

            <section type="autobio">
               <head>Autobiographical</head>

               <p/>
            </section>

            <section type="biblio">
               <head>Bibliographic</head>

               <p>H. B. Forman, <title level="bk">The Books of William
Morris</title> (London, 1897), 22-33; F. W. Macdonald, <title level="es">
                     <title level="per">The Oxford and Cambridge Magazine</title>
                  </title>,
in <title level="bk">In a Nook with a Book</title> (Cincinnati, n.d.);
Walter Kelly Gordon, <title level="bk">A Critical Selected Edition of William
Morris's <title level="per">Oxford and Cambridge Magazine</title>
(1856)</title>, Unpublished Dissertation, U. of Pennsylvania
(1960).</p>
            </section>
         </commentaries>
      </profiledesc>

      <revisiondesc> </revisiondesc>
   </ramheader>

         <text>
            <omit extent="pages 517-644" reason="not by DGR"/>
            <body>
               <div0 type="ballad" n="6" title="The Blessed Damozel." id="a.1-1847.i3" workcode="1-1847.s244" dblwork="1-1847.s244">
                  <divheader>
                     <title>
                        <hi rend="c">THE BLESSED DAMOZEL.</hi>
                     </title>
                  </divheader>

                  <lg type="sexain" n="1" r="1">
                     <l n="1" r="1">
                        <hi rend="sc">The</hi> blessed Damozel lean'd out</l>

                     <l n="2" indent="1" r="2"> From the gold bar of Heaven;</l>

                     <l n="3" r="3">Her eyes knew more of rest and shade </l>

                     <l n="4" indent="1" r="4"> Than waters still'd at even; </l>

                     <l n="5" r="5">She had three lilies in her hand, </l>

                     <l n="6" indent="1" r="6"> And the stars in her hair were seven. </l>
                  </lg>

                  <lg type="sexain" n="2" r="2">
                     <l n="7" r="7">Her robe, ungirt from clasp to hem, </l>

                     <l n="8" indent="1" r="8"> No wrought flowers did adorn, </l>

                     <l n="9" r="9">But a white rose of Mary's gift, </l>

                     <l n="10" indent="1" r="10"> For service meetly worn; </l>

                     <l n="11" r="11">And her hair lying down her back </l>

                     <l n="12" indent="1" r="12"> Was yellow like ripe corn. </l>
                  </lg>

                  <lg type="sexain" n="3" r="3">
                     <l n="13" r="13">Her seem'd she scarce had been a day </l>

                     <l n="14" indent="1" r="14"> One of God's choristers; </l>

                     <l n="15" r="15">The wonder was not yet quite gone </l>

                     <l n="16" indent="1" r="16"> From that still look of hers; </l>

                     <l n="17" r="17">Albeit, to them she left, her day </l>

                     <l n="18" indent="1" r="18"> Had counted as ten years. </l>
                  </lg>

                  <lg type="sexain" n="4" r="4">
                     <l n="19" r="19">(To <hi rend="i">one</hi>, it is ten years of years. </l>

                     <l n="20" indent="1" r="20"> . . . . . . . Yet now, and in this place, </l>

                     <l n="21" r="21">Surely she lean'd o'er me&#8212;her hair </l>

                     <l n="22" indent="1" r="22"> Fell all about my face . . . . . . . . </l>

                     <l n="23" r="23">Nothing: the autumn fall of leaves. </l>

                     <l n="24" indent="1" r="24"> The whole year sets apace.) </l>
                  </lg>

                  <lg type="sexain" n="5" r="5">
                     <l n="25" r="25">It was the rampart of God's house </l>

                     <l n="26" indent="1" r="26"> That she was standing on; </l>

                     <l n="27" r="27">By God built over the sheer depth </l>

                     <l n="28" indent="1" r="28"> The which is Space begun; </l>

                     <l n="29" r="29">So high, that looking downward thence </l>

                     <l n="30" indent="1" r="30"> She scarce could see the sun. </l>
                  </lg>

                  <lg type="sexain" n="6" r="6">
                     <l n="31" r="31">It lies in Heaven, across the flood </l>

                     <l n="32" indent="1" r="32"> Of ether, as a bridge. </l>

                     <l n="33" r="33">Beneath, the tides of day and night </l>

                     <l n="34" indent="1" r="34"> With flame and blackness ridge </l>

                     <l n="35" r="35">The void, as low as where this earth </l>

                     <l n="36" indent="1" r="36"> Spins like a fretful midge. </l>
                  </lg>

                  <lg type="sexain" n="7" r="7">
                     <l n="37" r="37">She scarcely heard her sweet new friends: </l>

                     <l n="38" indent="1" r="38"> Playing at holy games, </l>

                     <l n="39" r="39">Softly they spake among themselves </l>

                     <l n="40" indent="1" r="40"> Their virginal chaste names; </l>

                     <l n="41" r="41">And the souls, mounting up to God, </l>

                     <l n="42" indent="1" r="42"> Went by her like thin flames. </l>
                  </lg>

                  <epage/>
                  <page n="714" image="a."/>
                  <lg type="sexain" n="8" r="8">
                     <l n="43" r="43">And still she bow'd above the vast </l>

                     <l n="44" indent="1" r="44"> Waste sea of worlds that swarm; </l>

                     <l n="45" r="45">Until her bosom must have made </l>

                     <l n="46" indent="1" r="46"> The bar she lean'd on warm, </l>

                     <l n="47" r="47">And the lilies lay as if asleep </l>

                     <l n="48" indent="1" r="48"> Along her bended arm. </l>
                  </lg>

                  <lg type="sexain" n="9" r="9">
                     <l n="49" r="49">From the fix'd place of Heaven, she saw </l>

                     <l n="50" indent="1" r="50"> Time like a pulse shake fierce </l>

                     <l n="51" r="51">Through all the worlds. Her gaze still strove </l>

                     <l n="52" indent="1" r="52"> Within the gulf to pierce </l>

                     <l n="53" r="53">Its path; and now she spoke, as when </l>

                     <l n="54" indent="1" r="54"> The stars sung in their spheres. </l>
                  </lg>

                  <lg type="sexain" n="10" r="10">
                     <l n="55" r="55">The sun was gone now. The curl'd moon </l>

                     <l n="56" indent="1" r="56"> Was like a little feather </l>

                     <l n="57" r="57">Fluttering far down the gulf. And now </l>

                     <l n="58" indent="1" r="58"> She spoke through the still weather. </l>

                     <l n="59" r="59">Her voice was like the voice the stars </l>

                     <l n="60" indent="1" r="60"> Had when they sung together. </l>
                  </lg>

                  <lg type="sexain" n="11" r="12">
                     <l n="61" r="67">&#8220;I wish that he were come to me, </l>

                     <l n="62" indent="1" r="68"> For he will come,&#8221; she said. </l>

                     <l n="63" r="69">&#8220;Have I not pray'd in Heaven?&#8212;on earth, </l>

                     <l n="64" indent="1" r="70"> Lord, Lord, has he not pray'd? </l>

                     <l n="65" r="71">Are not two prayers a perfect strength? </l>

                     <l n="66" indent="1" r="72"> And shall I feel afraid? </l>
                  </lg>

                  <lg type="sexain" n="12" r="13">
                     <l n="67" r="73">&#8220;When round his head the aureole clings, </l>

                     <l n="68" indent="1" r="74"> And he is clothed in white, </l>

                     <l n="69" r="75">I'll take his hand and go with him </l>

                     <l n="70" indent="1" r="76"> To the deep wells of light, </l>

                     <l n="71" r="77">And we will step down as to a stream, </l>

                     <l n="72" indent="1" r="78"> And bathe there in God's sight. </l>
                  </lg>

                  <lg type="sexain" n="13" r="14">
                     <l n="73" r="79">&#8220;We two will stand beside that shrine, </l>

                     <l n="74" indent="1" r="80"> Occult, withheld, untrod, </l>

                     <l n="75" r="81">Whose lamps are stirr'd continually </l>

                     <l n="76" indent="1" r="82"> With prayers sent up to God; </l>

                     <l n="77" r="83">And see our old prayers, granted, melt </l>

                     <l n="78" indent="1" r="84"> Each like a little cloud. </l>
                  </lg>

                  <lg type="sexain" n="14" r="15">
                     <l n="79" r="85">&#8220;We two will lie i' the shadow of </l>

                     <l n="80" indent="1" r="86"> That living mystic tree, </l>

                     <l n="81" r="87">Within whose secret growth the Dove </l>

                     <l n="82" indent="1" r="88"> Is sometimes felt to be, </l>

                     <l n="83" r="89">While every leaf that His plumes touch </l>

                     <l n="84" indent="1" r="90"> Saith His Name audibly. </l>
                  </lg>

                  <lg type="sexain" n="15" r="16">
                     <l n="85" r="91">&#8220;And I myself will teach to him, </l>

                     <l n="86" indent="1" r="92"> I myself, lying so, </l>

                     <l n="87" r="93">The songs I sing here; which his voice </l>

                     <l n="88" indent="1" r="94"> Shall pause in, hush'd and slow, </l>

                     <l n="89" r="95">And find some knowledge at each pause, </l>

                     <l n="90" indent="1" r="96"> Or some new thing to know.&#8221;</l>
                  </lg>

                  <epage/>
                  <page n="715" image="a."/>
                  <lg type="sexain" n="16" r="11">
                     <l n="91" r="61">(Ah sweet! Just now, in that bird's song, </l>

                     <l n="92" indent="1" r="62"> Strove not her accents there </l>

                     <l n="93" r="63">Fain to be hearken'd? When those bells </l>

                     <l n="94" indent="1" r="64"> Possess'd the midday air, </l>

                     <l n="95" r="65">Was she not stepping to my side </l>

                     <l n="96" indent="1" r="66"> Down all the trembling stair?) </l>
                  </lg>

                  <lg type="sexain" n="17" r="18">
                     <l n="97" r="103">&#8220;We two,&#8221; she said, &#8220;will seek the groves </l>

                     <l n="98" indent="1" r="104"> Where the Lady Mary is, </l>

                     <l n="99" r="105">With her five handmaidens, whose names </l>

                     <l n="100" indent="1" r="106"> Are five sweet symphonies, </l>

                     <l n="101" r="107">Cecily, Gertrude, Magdalen, </l>

                     <l n="102" indent="1" r="108"> Margaret, and Rosalys. </l>
                  </lg>

                  <lg type="sexain" n="18" r="19">
                     <l n="103" r="109">&#8220;Circlewise sit they, with bound locks </l>

                     <l n="104" indent="1" r="110"> And foreheads garlanded;</l>

                     <l n="105" r="111">Into the fine cloth white like flame </l>

                     <l n="106" indent="1" r="112"> Weaving the golden thread, </l>

                     <l n="107" r="113">To fashion the birth-robes for them </l>

                     <l n="108" indent="1" r="114"> Who are just born, being dead. </l>
                  </lg>

                  <lg type="sexain" n="19" r="20">
                     <l n="109" r="115">&#8220;He shall fear, haply, and be dumb; </l>

                     <l n="110" indent="1" r="116"> Then I will lay my cheek </l>

                     <l n="111" r="117">To his, and tell about our love, </l>

                     <l n="112" indent="1" r="118"> Not once abash'd or weak: </l>

                     <l n="113" r="119">And the dear Mother will approve </l>

                     <l n="114" indent="1" r="120"> My pride, and let me speak. </l>
                  </lg>

                  <lg type="sexain" n="20" r="21">
                     <l n="115" r="121">&#8220;Herself shall bring us, hand in hand, </l>

                     <l n="116" indent="1" r="122"> To Him round whom all souls </l>

                     <l n="117" r="123">Kneel, the unnumber'd ransom'd heads </l>

                     <l n="118" indent="1" r="124"> Bow'd with their aureoles: </l>

                     <l n="119" r="125">And angels meeting us shall sing </l>

                     <l n="120" indent="1" r="126"> To their citherns and citoles. </l>
                  </lg>

                  <lg type="sexain" n="21" r="22">
                     <l n="121" r="127">&#8220;There will I ask of Christ the Lord </l>

                     <l n="122" indent="1" r="128"> Thus much for him and me:&#8212;</l>

                     <l n="123" r="129">Only to live as once on earth </l>

                     <l n="124" indent="1" r="130"> At peace&#8212;only to be </l>

                     <l n="125" r="131">As then awhile, for ever now </l>

                     <l n="126" indent="1" r="132"> Together, I and he.&#8221; </l>
                  </lg>

                  <lg type="sexain" n="22" r="23">
                     <l n="127" r="133">She gazed, and listen'd, and then said, </l>

                     <l n="128" indent="1" r="134"> Less sad of speech than mild, </l>

                     <l n="129" r="135">&#8220;All this is when he comes.&#8221; She ceased. </l>

                     <l n="130" indent="1" r="136"> The light thrill'd past her, fill'd </l>

                     <l n="131" r="137">With angels in strong level lapse. </l>

                     <l n="132" indent="1" r="138"> Her eyes pray'd, and she smiled. </l>
                  </lg>

                  <lg type="sexain" n="23" r="24">
                     <l n="133" r="139">(I saw her smile.) But soon their flight </l>

                     <l n="134" indent="1" r="140"> Was vague in distant spheres; </l>

                     <l n="135" r="141">And then she laid her arms along </l>

                     <l n="136" indent="1" r="142"> The golden barriers, </l>

                     <l n="137" r="143">And laid her face between her hands, </l>

                     <l n="138" indent="1" r="144"> And wept. (I heard her tears.)</l>
                  </lg>
</div0></body>
   </text>
</ram>
