<?xml version="1.0" encoding="iso-8859-1"?>
<ram archivetype="rad" type="serial" id="a.ap4.g415" image="" metatype="web.serial" workcode="ap4.g415" version="" subset="" dblwork="" rltdobject="" photodup="">
   <ramheader>
      <filedesc>
         <titlestmt>
            <title>The Germ, British Library Copy</title>

            <author>Aylott and Jones (publisher)</author>

            <editor>William Michael Rossetti</editor>


            <respstmt>
               <resp>Editor:</resp>
               <name>Jerome McGann</name>
               <resp>Project Manager (2000-):</resp>
               <name>William J. Hughes</name>
               <resp>Design Editor (1997-):</resp>
               <name>Bethany Paige Nowviskie</name>
               <resp>Senior Research Assistant (1999-):</resp>
               <name>Maura Tarnoff</name>
               <resp>Senior Research Assistant (2000-):</resp>
               <name>Craig Warren</name>
               <resp>Research Assistant (2002-):</resp>
               <name>Monica McTighe</name>
               <resp>Research Assistant (2001-):</resp>
               <name>Charles Sligh</name>
               <resp>Research Assistant (2002-):</resp>
               <name>Rivka Swenson</name>
               <resp>Research Assistant (2002-):</resp>
               <name>Melissa White</name>
               <resp>Project Manager (1995-2000):</resp>
               <name>Melissa Smith Kennedy</name>
               <resp>Project Manager (1994-1997):</resp>
               <name>Amy Sexton</name>
               <resp>Research Assistant (2001-2002):</resp>
               <name>Andrea Bobotis</name>
               <resp>Research Assistant (1998):</resp>
               <name>Eric T. Caldwell</name>
               <resp>Research Assistant (1997):</resp>
               <name>Michele Ierardi Ferrari</name>
               <resp>Research Assistant (1998-1999):</resp>
               <name>Amanda French</name>
               <resp>Research Assistant (1996-1997):</resp>
               <name>Stephen Holcombe</name>
               <resp>Research Assistant (1994-1996):</resp>
               <name>Daniel Reiss</name>
               <resp>Research Assistant (1999-2002):</resp>
               <name>Damian Rollison</name>
               <resp>Research Assistant (1994-1995):</resp>
               <name>Heather Seagroatt</name>
               <resp>Research Assistant (1998-1999):</resp>
               <name>Melanie S. Seibert</name>
               <resp>Research Assistant (1996-1997):</resp>
               <name>Andrew Stauffer</name>
               <resp>Research Assistant (2000-2001):</resp>
               <name>Christina Svendsen</name>
               <resp>Systems Analyst (1993-1999):</resp>
               <name>Oloduton Akinola</name>
               <resp>Programmer/Analyst (1997-):</resp>
               <name>Robbie Bingler</name>
               <resp>Programmer/Analyst (2000-2002):</resp>
               <name>Kirk Hastings</name>
               <resp>Programmer/Analyst (1999-):</resp>
               <name>Stephen Ramsay</name>
               <resp>Programmer/Analyst (1998-1999):</resp>
               <name>Susan Munson</name>
               <resp>Senior Programmer/Analyst (1995-1997):</resp>
               <name>Susan Gants</name>
               <resp>Consultant (1999):</resp>
               <name>David Cosca</name>
               <resp>Consultant (1997-):</resp>
               <name>Chris Jesse</name>
               <resp>Consultant (1999-):</resp>
               <name>Michelle Kraft</name>
               <resp>Consultant (1998-):</resp>
               <name>Daniel Pitti</name>
               <resp>Consultant (1992-1994):</resp>
               <name>John Price-Wilkin</name>
               <resp>Consultant (1992-1996):</resp>
               <name>Thornton Staples</name>
               <resp>Consultant (1993-):</resp>
               <name>John Unsworth</name>
            </respstmt>
            <patrons>
               <sponsor>Institute for Advanced Technology in the Humanities, University of Virginia</sponsor>
               <funder>Funded in part by an equipment grant from International Business Machines Corporation</funder>
               <funder>Funded in part by research support grants from the University of Virginia</funder>
               <funder>Funded in part by the University of Michigan Press</funder>
               <funder>Funded in part by a grant from the J. Paul Getty Trust</funder>
            </patrons>
         </titlestmt>

         <editionstmt>
            <edition>1</edition>

            <copyright>By permission of the British Library</copyright>
         </editionstmt>

         <extent/>
         <publicationstmt>
            <p>Published by the Institute for Advanced Technology in the Humanities, University of Virginia</p>
         </publicationstmt>
         <seriesstmt>
            <title>ARCHIVE OF THE COMPLETE WORKS OF DANTE GABRIEL ROSSETTI:</title>
            <respstmt>
               <resp>Editor:</resp>
               <name>Jerome McGann</name>
               <resp>Project Manager (2000-):</resp>
               <name>William J. Hughes</name>
               <resp>Design Editor (1997-):</resp>
               <name>Bethany Paige Nowviskie</name>
               <resp>Senior Research Assistant (1999-):</resp>
               <name>Maura Tarnoff</name>
               <resp>Senior Research Assistant (2000-):</resp>
               <name>Craig Warren</name>
               <resp>Research Assistant (2002-):</resp>
               <name>Monica McTighe</name>
               <resp>Research Assistant (2001-):</resp>
               <name>Charles Sligh</name>
               <resp>Research Assistant (2002-):</resp>
               <name>Rivka Swenson</name>
               <resp>Research Assistant (2002-):</resp>
               <name>Melissa White</name>
               <resp>Project Manager (1995-2000):</resp>
               <name>Melissa Smith Kennedy</name>
               <resp>Project Manager (1994-1997):</resp>
               <name>Amy Sexton</name>
               <resp>Research Assistant (2001-2002):</resp>
               <name>Andrea Bobotis</name>
               <resp>Research Assistant (1998):</resp>
               <name>Eric T. Caldwell</name>
               <resp>Research Assistant (1997):</resp>
               <name>Michele Ierardi Ferrari</name>
               <resp>Research Assistant (1998-1999):</resp>
               <name>Amanda French</name>
               <resp>Research Assistant (1996-1997):</resp>
               <name>Stephen Holcombe</name>
               <resp>Research Assistant (1994-1996):</resp>
               <name>Daniel Reiss</name>
               <resp>Research Assistant (1999-2002):</resp>
               <name>Damian Rollison</name>
               <resp>Research Assistant (1994-1995):</resp>
               <name>Heather Seagroatt</name>
               <resp>Research Assistant (1998-1999):</resp>
               <name>Melanie S. Seibert</name>
               <resp>Research Assistant (1996-1997):</resp>
               <name>Andrew Stauffer</name>
               <resp>Research Assistant (2000-2001):</resp>
               <name>Christina Svendsen</name>
               <resp>Systems Analyst (1993-1999):</resp>
               <name>Oloduton Akinola</name>
               <resp>Programmer/Analyst (1997-):</resp>
               <name>Robbie Bingler</name>
               <resp>Programmer/Analyst (2000-2002):</resp>
               <name>Kirk Hastings</name>
               <resp>Programmer/Analyst (1999-):</resp>
               <name>Stephen Ramsay</name>
               <resp>Programmer/Analyst (1998-1999):</resp>
               <name>Susan Munson</name>
               <resp>Senior Programmer/Analyst (1995-1997):</resp>
               <name>Susan Gants</name>
               <resp>Consultant (1999):</resp>
               <name>David Cosca</name>
               <resp>Consultant (1997-):</resp>
               <name>Chris Jesse</name>
               <resp>Consultant (1999-):</resp>
               <name>Michelle Kraft</name>
               <resp>Consultant (1998-):</resp>
               <name>Daniel Pitti</name>
               <resp>Consultant (1992-1994):</resp>
               <name>John Price-Wilkin</name>
               <resp>Consultant (1992-1996):</resp>
               <name>Thornton Staples</name>
               <resp>Consultant (1993-):</resp>
               <name>John Unsworth</name>
            </respstmt>
         </seriesstmt>



         <notesstmt>Digital images of this work will be provided soon.
 </notesstmt>

         <sourcedesc>
            <citnstruct>
               <title>The Germ. Thoughts towards Nature in Poetry,
Literature, and Art</title>

               <author/>

               <editor>William Michael Rossetti</editor>

               <imprint> 
                  <publisher>Aylott &amp; Jones</publisher>
 
                  <printer>G.F. Tupper</printer>
 
                  <city>London</city>
 
                  <date>1850 January - May</date>
 
                  <edition>1</edition>
 
                  <prepub/>
 
                  <pagination>[1]-192; with four separate cover sheets
carrying the table of contents of each number on the versos, and with
four engravings inserted in each number following the cover sheet.</pagination>
 
                  <volume>1</volume>
 
                  <issue>1-4</issue>
 
                  <authorization/>
 
                  <collation/>
 
                  <note>The title
of <bibl>
                        <hi rend="i">
                           <title level="per">The Germ</title>
                        </hi>
                     </bibl> was changed
after the first two numbers to <bibl>
                        <hi rend="i">
                           <title level="per">Art and Poetry: Being Thoughts
towards Nature Conducted Principally by Artists</title>
                        </hi>
                     </bibl>.
Each of the four published issues carries an engraving as frontispiece.</note>
 
               </imprint>

               <scribe/>

               <corrector/>

               <provenance>
                  <location>British Library</location>

                  <recnum>ap4.g415</recnum>

                  <note/>
               </provenance>

               <physicaldesc>
                  <binding>
                     <cover>pale yellow paper covers</cover>

                     <endpapers/>
                  </binding>

                  <typography>
                     <typeface>
                        <point/>

                        <font/>
                     </typeface>

                     <pagelines>
                        <number/>

                        <length/>
                     </pagelines>

                     <columns>1</columns>

                     <margin type="top"/>

                     <margin type="bottom"/>

                     <margin type="right"/>

                     <margin type="left"/>

                     <note/>
                  </typography>

                  <paper>thinly calendered</paper>

                  <watermark/>

                  <size>22.4 x 14.5cm</size>

                  <note/>
               </physicaldesc>
            </citnstruct>
         </sourcedesc>
      </filedesc>

      <encodingdesc/>

      <profiledesc>
         <commentaries>
            <head>Commentary</head>

            <section type="intro">
               <head>Introduction</head>

               <p>This is the British Library copy of the 
first edition of <hi rend="i">
                     <title level="per">The Germ</title>
                  </hi>,
the periodical launched by DGR and some friends in 1850 for 
disseminating the work and ideas of the initial Pre-Raphaelite circle.
Only four numbers were published (January, February, March, and May, 1850).</p>

               <p>The most useful commentary on the periodical is still the 
1901 <xref doc="a.ap4.g415.1901.rad" workcode="wmrossetti013">Preface</xref>
written by WMR for the <xref doc="a.ap4.g415.1901.rad">facsimile reprint</xref> of 
<hi rend="i">
                     <title level="per">The Germ</title>
                  </hi>.</p>
            </section>

            <section type="texthistcomp">
               <head>Textual History: Composition</head>

               <p/>
            </section>

            <section type="texthistrev">
               <head>Textual History: Revision</head>

               <p/>
            </section>

            <section type="prodhist">
               <head>Production History</head>

               <p/>
            </section>

            <section type="recepthist">
               <head>Reception History</head>

               <p/>
            </section>

            <section type="icon">
               <head>Iconographic</head>

               <p/>
            </section>

            <section type="printhist">
               <head>Printing History</head>

               <p>The first number appeared in 1 January 1850 with
Holman Hunt's etching (700 copies printed; 50 had etchings on India paper).
Only 70 were sold. The second issue appeared on 31 January (500
copies printed, 40 sold by 9 February). Number 3 appeared on 31 March,
number 4 on 30 April (print runs for both are uncertain, and
apparently only 106 copies of number 4 were sold). The poor sales forced
the journal to close down. Most of the expenses for the financial failure
of the magazine were born by George Tupper.</p>

               <p>After the fame of the PRB was established, <hi rend="i">
                     <title level="per">The Germ</title>
                  </hi> was reprinted
first by Thomas Mosher (1898: Portland, Maine) and again
as a close facsimile in 1901 with an introductory
&#8220;Preface&#8221; by William
Michael Rossetti giving historical and bibliographical particulars about
the magazine. A recent reprint was put out by the Ashmolean Museum,
Oxford (1992), with a Preface by Andrea Rose.</p>
            </section>

            <section type="pictorial">
               <head>Pictorial</head>

               <p>Each of the four issues began with an etching, a device
that clearly established the artistic focus of the journal. The
gothic types that were used for the cover sheets (which also served as
title pages) and for the printed texts also contributed to the tone
if not the arguments of the work. These types give a vaguely Puseyite
cast to the work and locate its spiritual inspiration in an earlier,
medieval world.</p>
            </section>

            <section type="historical">
               <head>Historical</head>

               <p/>
            </section>

            <section type="literary">
               <head>Literary</head>

               <p/>
            </section>

            <section type="translation">
               <head>Translation</head>

               <p/>
            </section>

            <section type="autobio">
               <head>Autobiographical</head>

               <p/>
            </section>

            <section type="biblio">
               <head>Bibliographic</head>

               <p>Of first importance is WMR's
<xref doc="a.ap4.g415.1901.rad" workcode="wmrossetti013">Preface</xref> to his
<xref doc="a.ap4.g415.1901.rad">1901 facsimile reprint of <hi rend="i">
                        <title level="per">The Germ</title>
                     </hi>
                  </xref>. Only slightly less important
is Fredeman's edition of <hi rend="i">
                     <title level="per">
                        <xref doc="a.nd467.5.p7r58.rad">The
P.R.B. Journal</xref>
                     </title>
                  </hi>, and Holman Hunt's recollective <hi rend="i">
                     <title level="bk">
                        <xref doc="a.nd467.h9.1914.rad">Pre-Raphaelitism
and the Pre-Raphaelite Brotherhood</xref>
                     </title>
                  </hi> and WMR's
<title level="per">
                     <xref doc="a.nd467.r8.rad">PRDL</xref>
                  </title>. See also
<bibl>
                     <author>James Ashcroft Noble</author>, &#8220;<title level="es">A Pre-Raphaelite Magazine</title>,&#8221;
<hi rend="i">
                        <title level="per">Fraser's Magazine</title>
                     </hi>
(<date>May 1882</date>), <pages>568-580</pages>.</bibl>
               </p>
            </section>
         </commentaries>
      </profiledesc>

      <revisiondesc/>
   </ramheader>
   <text>
                  <div1 type="ballad" n="13" title="The Blessed Damozel" id="a.1-1847.i42" workcode="1-1847.s244" dblwork="1-1847.s244">
                     <divheader>
                        <title>
                           <hi rend="gothicl">The Blessed Damozel.</hi>
                        </title>
                     </divheader>

                     <ornlb>~~~~~~~~~~~~~~~~~</ornlb>

                     <lg n="1" type="sexain" r="1">
                        <l n="1" r="1">The blessed Damozel leaned out</l>

                        <l n="2" indent="1" r="2">From the gold bar of Heaven:</l>

                        <l n="3" r="3">Her blue grave eyes were deeper much</l>

                        <l n="4" indent="1" r="4">Than a deep water, even.</l>

                        <l n="5" r="5">She had three lilies in her hand,</l>

                        <l n="6" indent="1" r="6">And the stars in her hair were seven.</l>
                     </lg>

                     <lg n="2" type="sexain" r="2">
                        <l n="7" r="7">Her robe, ungirt from clasp to hem,</l>

                        <l n="8" indent="1" r="8">No wrought flowers did adorn,</l>

                        <l n="9" r="9">But a white rose of Mary's gift</l>

                        <l n="10" indent="1" r="10">On the neck meetly worn;</l>

                        <l n="11" r="11">And her hair, lying down her back,</l>

                        <l n="12" indent="1" r="12">Was yellow like ripe corn.</l>
                     </lg>

                     <lg n="3" type="sexain" r="3">
                        <l n="13" r="13">Herseemed she scarce had been a day</l>

                        <l n="14" indent="1" r="14">One of God's choristers;</l>

                        <l n="15" r="15">The wonder was not yet quite gone</l>

                        <l n="16" indent="1" r="16">From that still look of her's;</l>

                        <l n="17" r="17">Albeit to them she left, her day</l>

                        <l n="18" indent="1" r="18">Had counted as ten years.</l>
                     </lg>

                     <lg n="4" type="sexain" r="4">
                        <l n="19" r="19">(To <hi rend="i">one</hi> it is ten years of years:</l>

                        <l n="20" indent="1" r="20">........ Yet now, here in this place</l>

                        <l n="21" r="21">Surely she leaned o'er me, &#8212; her hair</l>

                        <l n="22" indent="1" r="22">Fell all about my face.........</l>

                        <l n="23" r="23">Nothing: the Autumn-fall of leaves.</l>

                        <l n="24" indent="1" r="24">The whole year sets apace.)</l>
                     </lg>

                     <lg n="5" type="sexain" r="5">
                        <l n="25" r="25">It was the terrace of God's house</l>

                        <l n="26" indent="1" r="26">That she was standing on, &#8212; </l>

                        <l n="27" r="27">By God built over the sheer depth</l>

                        <l n="28" indent="1" r="28">In which Space is begun;</l>

                        <l n="29" r="29">So high, that looking downward thence,</l>

                        <l n="30" indent="1" r="30">She could scarce see the sun.</l>
                     </lg>

                     <lg n="6" type="sexain" r="6">
                        <l n="31" r="31">It lies from Heaven across the flood</l>

                        <l n="32" indent="1" r="32">Of ether, as a bridge.</l>

                        <l n="33" r="33">Beneath, the tides of day and night</l>

                        <l n="34" indent="1" r="34">With flame and blackness ridge</l>

                        <l n="35" r="35">The void, as low as where this earth</l>

                        <l n="36" indent="1" r="36">Spins like a fretful midge.</l>
                     </lg>

                     <epage/>
                     <page n="81" image="a.ap4.g415.1.80-81.tif"/>
                     <lg n="7" type="sexain" r="6.1">
                        <l n="37" r="36.1">But in those tracts, with her, it was</l>

                        <l n="38" indent="1" r="36.2">The peace of utter light</l>

                        <l n="39" r="36.3">And silence. For no breeze may stir</l>

                        <l n="40" indent="1" r="36.4">Along the steady flight</l>

                        <l n="41" r="36.5">O seraphim; no echo there,</l>

                        <l n="42" indent="1" r="36.6">Beyond all depth or height.</l>
                     </lg>

                     <lg n="8" type="sexain" r="7">
                        <l n="43" r="37">Heard hardly, some of her new friends,</l>

                        <l n="44" indent="1" r="38">Playing at holy games,</l>

                        <l n="45" r="39">Spake, gentle-mouthed, among themselves,</l>

                        <l n="46" indent="1" r="40">Their virginal chaste names;</l>

                        <l n="47" r="41">And the souls, mounting up to God,</l>

                        <l n="48" indent="1" r="42">Went by her like thin flames.</l>
                     </lg>

                     <lg n="9" type="sexain" r="8">
                        <l n="49" r="43">And still she bowed herself, and stooped</l>

                        <l n="50" indent="1" r="44">Into the vast waste calm;</l>

                        <l n="51" r="45">Till her bosom's pressure must have made</l>

                        <l n="52" indent="1" r="46">The bar she leaned on warm,</l>

                        <l n="53" r="47">And the lilies lay as if asleep</l>

                        <l n="54" indent="1" r="48">Along her bended arm.</l>
                     </lg>

                     <lg n="10" type="sexain" r="9">
                        <l n="55" r="49">From the fixt lull of heaven, she saw</l>

                        <l n="56" indent="1" r="50">Time, like a pulse, shake fierce</l>

                        <l n="57" r="51">Through all the worlds. Her gaze still strove,</l>

                        <l n="58" indent="1" r="52">In that steep gulph, to pierce</l>

                        <l n="59" r="53">The swarm: and then she spake, as when</l>

                        <l n="60" indent="1" r="54">The stars sang in their spheres.</l>
                     </lg>

                     <lg n="11" type="sexain" r="12">
                        <l n="61" r="67">&#8220;I wish that he were come to me,</l>

                        <l n="62" indent="1" r="68">For he will come,&#8221; she said.</l>

                        <l n="63" r="69">&#8220;Have I not prayed in solemn heaven ?</l>

                        <l n="64" indent="1" r="70">On earth, has he not prayed ?</l>

                        <l n="65" r="71">Are not two prayers a perfect strength ?</l>

                        <l n="66" indent="1" r="72">And shall I feel afraid ?</l>
                     </lg>

                     <lg n="12" type="sexain" r="13">
                        <l n="67" r="73">&#8220;When round his head the aureole clings,</l>

                        <l n="68" indent="1" r="74">And he is clothed in white,</l>

                        <l n="69" r="75">I'll take his hand, and go with him</l>

                        <l n="70" indent="1" r="76">To the deep wells of light,</l>

                        <l n="71" r="77">And we will step down as to a stream</l>

                        <l n="72" indent="1" r="78">And bathe there in God's sight.</l>
                     </lg>

                     <lg n="13" type="sexain" r="14">
                        <l n="73" r="79">&#8220;We two will stand beside that shrine,</l>

                        <l n="74" indent="1" r="80">Occult, withheld, untrod,</l>

                        <l n="75" r="81">Whose lamps tremble continually</l>

                        <l n="76" indent="1" r="82">With prayer sent up to God;</l>

                        <l n="77" r="83">And where each need, revealed, expects</l>

                        <l n="78" indent="1" r="84">Its patient period.</l>
                     </lg>

                     <epage/>
                     <page n="82" image="a.ap4.g415.1.82-83.tif"/>
                     <lg n="14" type="sexain" r="15">
                        <l n="79" r="85">&#8220;We two will lie i' the shadow of </l>

                        <l n="80" indent="1" r="86">That living mystic tree</l>

                        <l n="81" r="87">Within whose secret growth the Dove</l>

                        <l n="82" indent="1" r="88">Sometimes is felt to be,</l>

                        <l n="83" r="89">While every leaf that His plumes touch</l>

                        <l n="84" indent="1" r="90">Saith His name audibly.</l>
                     </lg>

                     <lg n="15" type="sexain" r="16">
                        <l n="85" r="91">&#8220;And I myself will teach to him &#8212; </l>

                        <l n="86" indent="1" r="92">I myself, lying so, &#8212; </l>

                        <l n="87" r="93">The songs I sing here; which his mouth</l>

                        <l n="88" indent="1" r="94">Shall pause in, hushed and slow,</l>

                        <l n="89" r="95">Finding some knowledge at each pause</l>

                        <l n="90" indent="1" r="96">And some new thing to know.&#8221;</l>
                     </lg>

                     <lg n="16" type="sexain" r="16.1">
                        <l n="91" r="96.1">(Alas ! to <hi rend="i">her</hi> wise simple mind</l>

                        <l n="92" indent="1" r="96.2">These things were all but known</l>

                        <l n="93" r="96.3">Before: they trembled on her sense, &#8212; </l>

                        <l n="94" indent="1" r="96.4">Her voice had caught their tone.</l>

                        <l n="95" r="96.5">Alas for lonely Heaven ! Alas</l>

                        <l n="96" indent="1" r="96.6">For life wrung out alone !</l>
                     </lg>

                     <lg n="17" type="sexain" r="16.2">
                        <l n="97" r="96.7">Alas, and though the end were reached ?........</l>

                        <l n="98" indent="1" r="96.8">Was <hi rend="i">thy</hi> part understood</l>

                        <l n="99" r="96.9">Or borne in trust ? And for her sake </l>

                        <l n="100" indent="1" r="96.10">Shall this too be found good ? &#8212; </l>

                        <l n="101" r="96.11">May the close lips that knew not prayer</l>

                        <l n="102" indent="1" r="96.12">Praise ever, though they would ?)</l>
                     </lg>

                     <lg n="18" type="sexain" r="18">
                        <l n="103" r="103">&#8220;We two,&#8221; she said, &#8220;will seek the groves</l>

                        <l n="104" indent="1" r="104">Where the lady Mary is,</l>

                        <l n="105" r="105">With her five handmaidens, whose names</l>

                        <l n="106" indent="1" r="106">Are five sweet symphonies: &#8212; </l>

                        <l n="107" r="107">Cecily, Gertrude, Magdalen,</l>

                        <l n="108" indent="1" r="108">Margaret, and Rosalys.</l>
                     </lg>

                     <lg n="19" type="sexain" r="19">
                        <l n="109" r="109">&#8220;Circle-wise sit they, with bound locks</l>

                        <l n="110" indent="1" r="110">And bosoms covered;</l>

                        <l n="111" r="111">Into the fine cloth, white like flame,</l>

                        <l n="112" indent="1" r="112">Weaving the golden thread,</l>

                        <l n="113" r="113">To fashion the birth-robes for them</l>

                        <l n="114" indent="1" r="114">Who are just born, being dead.</l>
                     </lg>

                     <lg n="20" type="sexain" r="20">
                        <l n="115" r="115">&#8220;He shall fear haply, and be dumb.</l>

                        <l n="116" indent="1" r="116">Then I will lay my cheek</l>

                        <l n="117" r="117">To his, and tell about our love,</l>

                        <l n="118" indent="1" r="118">Not once abashed or weak:</l>

                        <l n="119" r="119">And the dear Mother will approve</l>

                        <l n="120" indent="1" r="120">My pride, and let me speak.</l>
                     </lg>

                     <epage/>
                     <page n="83" image="a.ap4.g415.1.82-83.tif"/>
                     <lg n="21" type="sexain" r="21">
                        <l n="121" r="121">&#8220;Herself shall bring us, hand in hand,</l>

                        <l n="122" indent="1" r="122">To Him round whom all souls</l>

                        <l n="123" r="123">Kneel &#8212; the unnumber'd solemn heads</l>

                        <l n="124" indent="1" r="124">Bowed with their aureoles:</l>

                        <l n="125" r="125">And Angels, meeting us, shall sing</l>

                        <l n="126" indent="1" r="126">To their citherns and citoles.</l>
                     </lg>

                     <lg n="22" type="sexain" r="22">
                        <l n="127" r="127">&#8220;There will I ask of Christ the Lord</l>

                        <l n="128" indent="1" r="128">Thus much for him and me: &#8212; </l>

                        <l n="129" r="129">To have more blessing than on earth</l>

                        <l n="130" indent="1" r="130">In nowise; but to be</l>

                        <l n="131" r="131">As then we were, &#8212; being as then</l>

                        <l n="132" indent="1" r="132">At peace. Yea, verily.</l>
                     </lg>

                     <lg n="23" type="sexain" r="22.1">
                        <l n="133" r="132.1">&#8220;Yea, verily; when he is come</l>

                        <l n="134" indent="1" r="132.2">We will do thus and thus:</l>

                        <l n="135" r="132.3">Till this my vigil seem quite strange</l>

                        <l n="136" indent="1" r="132.4">And almost fabulous;</l>

                        <l n="137" r="132.5">We two will live at once, one life;</l>

                        <l n="138" indent="1" r="132.6">And peace shall be with us.&#8221;</l>
                     </lg>

                     <lg n="24" type="sexain" r="23">
                        <l n="139" r="133">She gazed, and listened, and then said,</l>

                        <l n="140" indent="1" r="134">Less sad of speech than mild;</l>

                        <l n="141" r="135">&#8220;All this is when he comes.&#8221; She ceased:</l>

                        <l n="142" indent="1" r="136">The light thrilled past her, filled</l>

                        <l n="143" r="137">With Angels, in strong level lapse.</l>

                        <l n="144" indent="1" r="138">Her eyes prayed, and she smiled.</l>
                     </lg>

                     <lg n="25" type="sexain" r="24">
                        <l n="145" r="139">(I saw her smile.) But soon their flight</l>

                        <l n="146" indent="1" r="140">Was vague 'mid the poised spheres.</l>

                        <l n="147" r="141">And then she cast her arms along</l>

                        <l n="148" indent="1" r="142">The golden barriers,</l>

                        <l n="149" r="143">And laid her face between her hands,</l>

                        <l n="150" indent="1" r="144">And wept. (I heard her tears.)</l>
                     </lg>

                     <ornlb>~~~~~~~~~~~~~~~~</ornlb>
                  </div1>


   </text>
</ram>
