<?xml version="1.0" encoding="UTF-8"?>
<!-- Here is a sample juxta file that experiments with Damozel text and image collation.  Jerry will certainly want to generate more "meaningful" comparisons and commentary.  This is just a template of sorts. (BPN 11 March 04) -->
<juxta>
    <progression title="Blessed Damozel Progression">
        <comparison heading="Comparing lines, The Blessed Damozel" id="line 137">
            
            <comparand id="Germ" color="yellow">
                <object>texts/ap4.g415.1901.rad.xml</object>
                <focus>/ram[1]/text[1]/div1[1]/lg[24]/l[5]</focus>
                <render>styles/juxta.xsl</render>
                <commentary>1901 Germ Facsimile, line 143</commentary>
            </comparand>
             <comparand id="OCMag" color="yellow">
                <object>texts/ap4.o93.1.rad.xml</object>
                <focus>/ram[1]/text[1]/body[1]/div0[1]/lg[22]/l[5]</focus>
                <render>styles/juxta.xsl</render>
                <commentary>The Oxford and Cambridge Magazine, line 131</commentary>
            </comparand>       
            <comparand id="MorgMS" color="yellow">
                <object>texts/1-1847.morgms.rad.xml</object>
                <focus>/ram[1]/text[1]/body[1]/div0[1]/lg[19]/l[5]</focus>
                <render>styles/juxta.xsl</render>
                <commentary>The Morgan Manuscript, line 113</commentary>
            </comparand>
            <comparand id="P1870 1" color="yellow">
                <object>texts/1-1870.1stedn.rad.xml</object>
                <focus>/ram[1]/text[1]/body[1]/div0[1]/div1[1]/lg[23]/l[5]</focus>
                <render>styles/juxta.xsl</render>
                <commentary>First edition, Poems (1870), line 137</commentary>
            </comparand>
            <comparand id="P1870 2" color="yellow">
                <object>texts/1-1870.2ndedn.prin.rad.xml</object>
                <focus>/ram[1]/text[1]/body[1]/div0[1]/div1[1]/lg[6]/l[5]</focus>
                <render>styles/juxta.xsl</render>
                <commentary>Second edition, Poems (1870), line 137</commentary>
            </comparand>
            <commentary>The comparison here is between different versions of received line 137 of "The Blessed Damozel."  The two earliest texts, The Germ and The Oxford and Cambridge Magazine texts, exhibit two small accidental variations, but are most variant in their lineation (the line is 143 in the former and 131 in the latter).  The next text in historical sequence is the Morgan MS.  At the line level it amalgamates features of the each of the previous pair of texts (taking one accidental from each).  But at the level of lineation sequence, it exhibits yet further dramatic variance (the line is numbered here line 113).  The lineation stabilizes in the first 1870 edition and thereafter at line 137, as the next pair of texts shows.  We also see here that Rossetti continued to modify the text at the linguistic level.</commentary>           
        </comparison>
            
                 <comparison heading="comparing passages" id="opening stanza">
            
            <comparand id="GermRepro" color="blue">
                <object>texts/ap4.g415.1901.rad.xml</object>
                <focus>/ram[1]/text[1]/div1[1]/lg[1]</focus>
                <render>styles/juxta.xsl</render>
                <commentary>1901 Germ Facsimile, stanza 1</commentary>
            </comparand>
             <comparand id="Oxbridge" color="blue">
                <object>texts/ap4.o93.1.rad.xml</object>
                <focus>/ram[1]/text[1]/body[1]/div0[1]/lg[1]</focus>
                <render>styles/juxta.xsl</render>
                <commentary>The Oxford and Cambridge Magazine, stanza 1</commentary>
            </comparand>       
            <comparand id="MorgMS" color="blue">
                <object>texts/1-1847.morgms.rad.xml</object>
                <focus>/ram[1]/text[1]/body[1]/div0[1]/lg[1]</focus>
                <render>styles/juxta.xsl</render>
                <commentary>The Morgan Manuscript, stanza 1</commentary>
            </comparand>
            <comparand id="FirstEdn" color="blue">
                <object>texts/1-1870.1stedn.rad.xml</object>
                <focus>/ram[1]/text[1]/body[1]/div0[1]/div1[1]/lg[1]</focus>
                <render>styles/juxta.xsl</render>
                <commentary>First edition, Poems (1870), stanza 1</commentary>
            </comparand>
            <commentary>Although in point of fact the Morgan MS comes later that either The Germ or The Oxford and Cambridge Magazine texts, this comparison strongly suggests that the MS may derive from a source text (now lost) that preceded The Germ printing.  Note that all the texts of this stanza (and other comparisons might be adduced) except the MS text share basic features.  The two most dramatic variances here are the damsel/damozel and silver/gold differentials.  Equally notable is the shift in the meaning of the word "even".  Much could be said about the relative merits of these two uses of the word here.</commentary>
                 </comparison>
 
                  <comparison heading="comparing bibliographic and documentary features" id="opening stanza">
  <comparand id="MorgMS">
                <object>images/damopics.xml</object>
                <focus>/juxta-imageset[1]/juxta-image[2]</focus>
                <render>image</render>
                <commentary>The Morgan MS stanza 1 (facsimile)</commentary>
  </comparand>  
  <comparand id="MorgMS" color="blue">
                <object>texts/1-1847.morgms.rad.xml</object>
                <focus>/ram[1]/text[1]/body[1]/div0[1]/lg[1]</focus>
                <render>styles/juxta.xsl</render>
                <commentary>The Morgan Manuscript, stanza 1 (transcription)</commentary>
  </comparand>
  <comparand id="Germ Repro">
                <object>images/damopics.xml</object>
                <focus>/juxta-imageset[1]/juxta-image[7]</focus>
                <render>image</render>
                <commentary>1901 Germ Facsimile, stanza 1</commentary>
            </comparand> 
   <comparand id="1870Poems">
                <object>images/damopics.xml</object>
                <focus>/juxta-imageset[1]/juxta-image[3]</focus>
                <render>image</render>
                <commentary>1870  Poems, first edition, stanza 1 (facsimile)</commentary>
   </comparand> 
      <comparand id="Oxford and Cambridge">
                <object>images/damopics.xml</object>
                <focus>/juxta-imageset[1]/juxta-image[4]</focus>
                <render>image</render>
                <commentary>Oxford and Cambridge Magazine, stanza 1 (facsimile)</commentary>
            </comparand> 
  <commentary>The first stanza of the poem exhibits some dramatic bibliographical features when we look at its documentary representations.  Note that the poem in every case comes to us under a decorative sign.  In the MS that sign is most prominently featured in the antique orthography of "damsel".  In The Germ it comes as the Gothic lettering of the title.  In the Oxford and Cambridge Magazine it comes as a decorated capital.  The residual form of that capital is preserved in the 1870 typography, which prints the poem's first word in small caps.  Notable here is the range of bibliographical coding that Rossetti was prepared to call upon in the presentation of his poem.</commentary>                
                  </comparison>

                   <comparison heading="comparing handwriting and document identities" id="opening stanza">
  <comparand id="MorgMS">
                <object>images/damopics.xml</object>
                <focus>/juxta-imageset[1]/juxta-image[2]</focus>
                <render>image</render>
                <commentary>The Morgan MS stanza 1 (facsimile)</commentary>
  </comparand>  
  
   <comparand id="PrinceFrag">
                <object>images/damopics.xml</object>
                <focus>/juxta-imageset[1]/juxta-image[8]</focus>
                <render>image</render>
                <commentary>The Princeton fragment of lines "The Blessed Damozel" 37-42 (added in 1870 for printing in 1871)</commentary>
   </comparand>
   
      <comparand id="AnotherLoveMS1">
                <object>images/damopics.xml</object>
                <focus>/juxta-imageset[1]/juxta-image[9]</focus>
                <render>image</render>
                <commentary>MS of "Another Love" in early (1848-52) Notebook </commentary>
   </comparand>

   <comparand id="NuptialSleepMS">
                <object>images/damopics.xml</object>
                <focus>/juxta-imageset[1]/juxta-image[10]</focus>
                <render>image</render>
                <commentary> 1869 MS of "Placata Venere" (received as "Nuptial Sleep").</commentary>
   </comparand>
   
      <comparand id="AnotherLoveMS2">
                <object>images/damopics.xml</object>
                <focus>/juxta-imageset[1]/juxta-image[11]</focus>
                <render>image</render>
                <commentary>Harvard MS of "Another Love" (from inhumed MS book)</commentary>
      </comparand>
      
         <comparand id="PraiseMS">
                <object>images/damopics.xml</object>
                <focus>/juxta-imageset[1]/juxta-image[12]</focus>
                <render>image</render>
                <commentary>British Library MS of "Praise and Prayer" (from inhumed MS book)</commentary>
   </comparand>
   <commentary>This comparison exhibits differences between Rossetti's handwriting in 1848-56 and in 1869-71.</commentary>
   </comparison>

   
   <!--           
           <comparand id="PrinceFrag" color="red">
                <object>texts/1-1847.princefrag.rad.xml</object>
                <focus>/ram[1]/text[1]/body[1]/div0[1]/lg[1]/l[1]</focus>
                <render>styles/juxta.xsl</render>
                <commentary>The Princeton Fragment</commentary>
            </comparand>
           

            
            <comparand id="PenkillB" color="cyan">
                <object>texts/1-1870.penkb.trox.rad.xml</object>
                <focus>/ram[1]/text[1]/body[1]/div0[1]/div1[1]/lg[1]/l[1]</focus>
                <render>styles/juxta.xsl</render>
                <commentary>Penkill Proofs</commentary>
            </comparand>
            <comparand id="Germ" color="green">
                <object>texts/ap4.g415.1.rad.xml</object>
                <focus>/ram[1]/text[1]/div1[1]/lg[1]/l[1]</focus>
                <render>styles/juxta.xsl</render>
                <commentary>The Germ</commentary>
            </comparand>
            <comparand id="GermRepro" color="red">
                <object>texts/ap4.g415.1901.rad.xml</object>
                <focus>/ram[1]/text[1]/div1[1]/lg[1]/l[1]</focus>
                <render>styles/juxta.xsl</render>
                <commentary>1901 Germ Facsimile</commentary>
            </comparand>
            <comparand id="Oxbridge" color="yellow">
                <object>texts/ap4.o93.1.rad.xml</object>
                <focus>/ram[1]/text[1]/body[1]/div0[1]/lg[1]/l[1]</focus>
                <render>styles/juxta.xsl</render>
                <commentary>The Oxford and Cambridge Magazine</commentary>
            </comparand>
            <commentary>Here we are comparing the first lines of several versions of "The Blessed Damozel."</commentary>

        <comparison heading="comparing typographic features" id="typography">
            <comparand id="MorgMS">
                <object>images/damopics.xml</object>
                <focus>/juxta-imageset[1]/juxta-image[2]</focus>
                <render>image</render>
                <commentary>The Morgan MS</commentary>
            </comparand>
            <comparand id="Page 8">
                <object>images/damopics.xml</object>
                <focus>/juxta-imageset[1]/juxta-image[3]</focus>
                <render>image</render>
                <commentary>First Edition, Page 8</commentary>
            </comparand>
            <comparand id="Page 9">
                <object>images/damopics.xml</object>
                <focus>/juxta-imageset[1]/juxta-image[4]</focus>
                <render>image</render>
                <commentary>First Edition, Page 9</commentary>
            </comparand>
            <comparand id="Page 10">
                <object>images/damopics.xml</object>
                <focus>/juxta-imageset[1]/juxta-image[5]</focus>
                <render>image</render>
                <commentary>First Edition, Page 10</commentary>
            </comparand>
            <comparand id="Page 11">
                <object>images/damopics.xml</object>
                <focus>/juxta-imageset[1]/juxta-image[6]</focus>
                <render>image</render>
                <commentary>First Edition, Page 11</commentary>
            </comparand>
            <comparand id="Germ Repro">
                <object>images/damopics.xml</object>
                <focus>/juxta-imageset[1]/juxta-image[7]</focus>
                <render>image</render>
                <commentary>1901 Germ Facsimile</commentary>
            </comparand>
            <commentary>This comparison looks at scans of printed texts and manuscripts.</commentary>
        </comparison>

        <comparison heading="visual and textual interplay" id="mixed">
             <comparand id="MorgMS" color="green">
                <object>texts/1-1847.morgms.rad.xml</object>
                <focus>/ram[1]/text[1]/body[1]/div0[1]/lg[1]/l[1]</focus>
                <render>styles/juxta.xsl</render>
                <commentary>The Morgan MS</commentary>
            </comparand>
            <comparand id="Not a Damozel">
                <object>images/damopics.xml</object>
                <focus>/juxta-imageset[1]/juxta-image[1]</focus>
                <render>image</render>
                <commentary>Okay, so this isn't the Fogg oil.</commentary>
            </comparand>
            <commentary>We should throw in some Blessed Damozel paintings here to show how Juxta works for making general comparisons and drawing connections demonstrate that it's not just for collation.</commentary>
        </comparison>
        -->
        <commentary>This demonstration shows a progression of text comparisons relating to "The Blessed Damozel".  The first set of comparisons focus on variant lines of text.  The lines exhibit both substantive and accidental variances, and the lineations show as well that the different documents being compared vary as well at the macro level of the linear extent.   The second set of comparisons focus on the first stanza of the poem, to supply another level of interpretive variance.  The third set of comparisons look yet again at the first stanza, only in this case the comparands are all facsimile of the original documents.  The differentials here operate through bibliographical coding.</commentary>
    </progression>
</juxta>
